{
"type": "FeatureCollection",
"name": "veglin0",
"crs": { "type": "name", "properties": { "name": "urn:ogc:def:crs:EPSG::3832" } },
"features": [
{ "type": "Feature", "properties": { "fid": 1, "time": "2017-01-01", "year": 2017 }, "geometry": { "type": "MultiLineString", "coordinates": [ [ [ 2173392.5, 649282.085610247100703 ], [ 2173387.5, 649282.165221783332527 ], [ 2173382.5, 649282.242290601017885 ], [ 2173377.5, 649282.078486726386473 ], [ 2173372.5, 649281.962571712792851 ], [ 2173367.5, 649281.94638969108928 ], [ 2173362.5, 649281.77018857432995 ], [ 2173357.5, 649281.378685931791551 ], [ 2173352.5, 649280.971702670678496 ], [ 2173347.5, 649280.717670564772561 ], [ 2173342.5, 649280.728774671559222 ], [ 2173337.5, 649281.019138225121424 ], [ 2173332.5, 649281.511176604661159 ], [ 2173327.5, 649282.000283090746962 ], [ 2173322.5, 649282.15872267447412 ], [ 2173317.5, 649281.909633961506188 ], [ 2173312.5, 649281.475832980358973 ], [ 2173307.5, 649281.28770708036609 ], [ 2173302.5, 649281.871920547098853 ], [ 2173300.420002591330558, 649282.5 ], [ 2173297.5, 649283.589453886728734 ], [ 2173292.5, 649286.03680558456108 ], [ 2173290.086356058716774, 649287.5 ], [ 2173287.5, 649289.212033144431189 ], [ 2173283.301242696586996, 649292.5 ], [ 2173282.5, 649293.185034049442038 ], [ 2173278.077545403968543, 649297.5 ], [ 2173277.5, 649298.091673970222473 ], [ 2173273.449209354352206, 649302.5 ], [ 2173272.5, 649303.621460641268641 ], [ 2173269.545421998016536, 649307.5 ], [ 2173267.5, 649310.514669158845209 ], [ 2173266.312340527307242, 649312.5 ], [ 2173264.017546514049172, 649317.5 ], [ 2173262.5, 649321.183084785123356 ], [ 2173262.055081702303141, 649322.5 ], [ 2173260.12185192713514, 649327.5 ], [ 2173257.5, 649332.154294691281393 ], [ 2173257.29397757910192, 649332.5 ], [ 2173254.033211168833077, 649337.5 ], [ 2173252.5, 649339.646780495997518 ], [ 2173250.58655668515712, 649342.5 ], [ 2173247.5, 649347.27600282849744 ], [ 2173247.364469747524709, 649347.5 ], [ 2173244.849555175285786, 649352.5 ], [ 2173242.841961572412401, 649357.5 ], [ 2173242.5, 649358.771798993693665 ], [ 2173241.767551745288074, 649362.5 ], [ 2173241.139711735304445, 649367.5 ], [ 2173240.546688917092979, 649372.5 ], [ 2173239.665695655625314, 649377.5 ], [ 2173238.361043474636972, 649382.5 ], [ 2173237.5, 649385.731476415763609 ], [ 2173237.130840143654495, 649387.5 ], [ 2173236.538342569954693, 649392.5 ], [ 2173236.458377132192254, 649397.5 ], [ 2173236.862516517285258, 649402.5 ], [ 2173237.5, 649406.935981373419054 ], [ 2173237.604976873844862, 649407.5 ], [ 2173238.677184046711773, 649412.5 ], [ 2173239.804321211762726, 649417.5 ], [ 2173241.002398042008281, 649422.5 ], [ 2173242.180893383454531, 649427.5 ], [ 2173242.5, 649428.805085209663957 ], [ 2173243.703611361328512, 649432.5 ], [ 2173245.232753545977175, 649437.5 ], [ 2173246.490917219314724, 649442.5 ], [ 2173247.373442384880036, 649447.5 ], [ 2173247.5, 649448.387145445100032 ], [ 2173248.184145519975573, 649452.5 ], [ 2173249.039792852010578, 649457.5 ], [ 2173250.110486757941544, 649462.5 ], [ 2173251.509270043112338, 649467.5 ], [ 2173252.5, 649470.663813415914774 ], [ 2173253.218395438976586, 649472.5 ], [ 2173254.793563659768552, 649477.5 ], [ 2173255.854769619181752, 649482.5 ], [ 2173256.525923054199666, 649487.5 ], [ 2173257.081026058644056, 649492.5 ], [ 2173257.5, 649494.829397834604606 ], [ 2173258.076301978901029, 649497.5 ], [ 2173259.625545880757272, 649502.5 ], [ 2173261.540115025360137, 649507.5 ], [ 2173262.5, 649509.676060389843769 ], [ 2173263.9919070629403, 649512.5 ], [ 2173266.30167175270617, 649517.5 ], [ 2173267.5, 649520.630807583336718 ], [ 2173268.367925422731787, 649522.5 ], [ 2173270.089088736567646, 649527.5 ], [ 2173271.408795273397118, 649532.5 ], [ 2173272.5, 649536.494413091684692 ], [ 2173272.859006007667631, 649537.5 ], [ 2173274.809014942031354, 649542.5 ], [ 2173276.762414708267897, 649547.5 ], [ 2173277.5, 649549.487336407648399 ], [ 2173278.756891963072121, 649552.5 ], [ 2173280.072144649922848, 649557.5 ], [ 2173280.744515584781766, 649562.5 ], [ 2173281.151904072146863, 649567.5 ], [ 2173281.744581651873887, 649572.5 ], [ 2173282.5, 649575.371228208998218 ], [ 2173283.229451332706958, 649577.5 ], [ 2173285.294733230955899, 649582.5 ], [ 2173286.734777017962188, 649587.5 ], [ 2173287.5, 649592.246830985066481 ], [ 2173287.555530460551381, 649592.5 ], [ 2173288.040383243467659, 649597.5 ], [ 2173288.198237385600805, 649602.5 ], [ 2173288.514900710899383, 649607.5 ], [ 2173289.25504596112296, 649612.5 ], [ 2173290.359494299162179, 649617.5 ], [ 2173291.618256140500307, 649622.5 ], [ 2173292.5, 649625.795648251194507 ], [ 2173293.19595476379618, 649627.5 ], [ 2173295.231745527591556, 649632.5 ], [ 2173296.860741245560348, 649637.5 ], [ 2173297.5, 649640.567346528405324 ], [ 2173298.184790470637381, 649642.5 ], [ 2173298.83342410530895, 649647.5 ], [ 2173299.085913717746735, 649652.5 ], [ 2173300.133511794731021, 649657.5 ], [ 2173302.384157061576843, 649662.5 ], [ 2173302.5, 649662.651062705903314 ], [ 2173307.125115904491395, 649667.5 ], [ 2173307.5, 649667.870400476153009 ], [ 2173311.519148383289576, 649672.5 ], [ 2173312.5, 649673.925591812585481 ], [ 2173315.044420439284295, 649677.5 ], [ 2173317.5, 649681.883808752754703 ], [ 2173317.944169249385595, 649682.5 ], [ 2173320.865426020231098, 649687.5 ], [ 2173322.5, 649692.138950831373222 ], [ 2173322.657630156259984, 649692.5 ], [ 2173324.153183021117002, 649697.5 ], [ 2173324.991741023492068, 649702.5 ], [ 2173325.432909792289138, 649707.5 ], [ 2173325.972944130189717, 649712.5 ], [ 2173327.340113106649369, 649717.5 ], [ 2173327.5, 649717.852241728454828 ], [ 2173330.503620834089816, 649722.5 ], [ 2173332.5, 649726.283197341603227 ], [ 2173333.291146506089717, 649727.5 ], [ 2173335.771661641076207, 649732.5 ], [ 2173337.310827672947198, 649737.5 ], [ 2173337.5, 649738.223527982016094 ], [ 2173339.051796099636704, 649742.5 ], [ 2173340.304758097510785, 649747.5 ], [ 2173341.317000836133957, 649752.5 ], [ 2173342.426577465143055, 649757.5 ], [ 2173342.5, 649757.774324965546839 ], [ 2173344.345444350037724, 649762.5 ], [ 2173346.025714413728565, 649767.5 ], [ 2173347.5, 649772.497899735695682 ], [ 2173347.501349304802716, 649772.5 ], [ 2173350.192173256538808, 649777.5 ], [ 2173351.851157137192786, 649782.5 ], [ 2173352.5, 649785.310069582541473 ], [ 2173353.270314518362284, 649787.5 ], [ 2173354.605424381326884, 649792.5 ], [ 2173355.717226272448897, 649797.5 ], [ 2173356.751644100062549, 649802.5 ], [ 2173357.5, 649806.376970621757209 ], [ 2173357.830044160131365, 649807.5 ], [ 2173359.316178554669023, 649812.5 ], [ 2173361.02361581241712, 649817.5 ], [ 2173362.5, 649820.9631069120951 ], [ 2173363.357568793930113, 649822.5 ], [ 2173366.021596134640276, 649827.5 ], [ 2173367.5, 649830.91968461801298 ], [ 2173368.324928058777004, 649832.5 ], [ 2173370.770544126164168, 649837.5 ], [ 2173372.5, 649842.421073377481662 ], [ 2173372.536216698586941, 649842.5 ], [ 2173374.465529194567353, 649847.5 ], [ 2173375.696181436534971, 649852.5 ], [ 2173376.665607029106468, 649857.5 ], [ 2173377.5, 649861.9753903306555 ], [ 2173377.667345743160695, 649862.5 ], [ 2173379.102341264486313, 649867.5 ], [ 2173380.495040531735867, 649872.5 ], [ 2173382.261367432773113, 649877.5 ], [ 2173382.5, 649878.048889533965848 ], [ 2173384.763604845385998, 649882.5 ], [ 2173386.704404534306377, 649887.5 ], [ 2173387.5, 649890.012237374903634 ], [ 2173388.379216652363539, 649892.5 ], [ 2173389.686551847029477, 649897.5 ], [ 2173390.686192011460662, 649902.5 ], [ 2173391.68684709770605, 649907.5 ], [ 2173392.5, 649911.13550047413446 ], [ 2173392.932254808023572, 649912.5 ], [ 2173394.526873148512095, 649917.5 ], [ 2173396.271631810814142, 649922.5 ], [ 2173397.5, 649924.926075811032206 ], [ 2173399.25660805683583, 649927.5 ], [ 2173402.463743722066283, 649932.5 ], [ 2173402.5, 649932.567748927976936 ], [ 2173405.874916402623057, 649937.5 ], [ 2173407.5, 649941.596897106966935 ], [ 2173408.264055974781513, 649942.5 ], [ 2173411.008044326677918, 649947.5 ], [ 2173412.5, 649951.84859147563111 ], [ 2173413.089769305661321, 649952.5 ], [ 2173415.97598538082093, 649957.5 ], [ 2173417.42425016220659, 649962.5 ], [ 2173417.5, 649962.723153582424857 ], [ 2173419.122669715434313, 649967.5 ], [ 2173420.801026488654315, 649972.5 ], [ 2173422.5, 649976.787455201032571 ], [ 2173422.888647002168, 649977.5 ], [ 2173425.962716300040483, 649982.5 ], [ 2173427.5, 649985.118854035972618 ], [ 2173429.381394709926099, 649987.5 ], [ 2173432.5, 649991.342607232392766 ], [ 2173433.684757904149592, 649992.5 ], [ 2173437.5, 649995.316800778964534 ], [ 2173441.033323015552014, 649997.5 ], [ 2173442.5, 649998.196872830041684 ], [ 2173447.5, 650000.353784148930572 ], [ 2173451.393506676424295, 650002.5 ], [ 2173452.5, 650003.022064347402193 ], [ 2173457.5, 650005.976892570615746 ], [ 2173459.46625026781112, 650007.5 ], [ 2173462.5, 650009.68005480139982 ], [ 2173466.23873085109517, 650012.5 ], [ 2173467.5, 650013.272078057867475 ], [ 2173472.5, 650016.277814729372039 ], [ 2173473.971549353562295, 650017.5 ], [ 2173477.5, 650020.675978324259631 ], [ 2173478.925189105328172, 650022.5 ], [ 2173482.5, 650027.002399920602329 ], [ 2173482.932438060641289, 650027.5 ], [ 2173487.5, 650031.484988657408394 ], [ 2173488.779180211946368, 650032.5 ], [ 2173492.5, 650034.755845167906955 ], [ 2173497.053230960853398, 650037.5 ], [ 2173497.5, 650037.710163562907837 ], [ 2173502.5, 650039.391242280835286 ], [ 2173507.5, 650040.645109348464757 ], [ 2173512.5, 650041.948064559604973 ], [ 2173513.731420785188675, 650042.5 ], [ 2173517.5, 650043.826980585348792 ], [ 2173522.398840743582696, 650047.5 ], [ 2173522.5, 650047.572131214546971 ], [ 2173527.5, 650051.739905772032216 ], [ 2173528.388761022128165, 650052.5 ], [ 2173532.5, 650056.286437610979192 ], [ 2173534.084165118169039, 650057.5 ], [ 2173537.5, 650060.78811248508282 ], [ 2173540.584636686835438, 650062.5 ], [ 2173542.5, 650064.384431031765416 ], [ 2173544.966000675689429, 650067.5 ], [ 2173546.509375551715493, 650072.5 ], [ 2173547.309092148207128, 650077.5 ], [ 2173547.5, 650078.480842448538169 ], [ 2173548.487469497602433, 650082.5 ], [ 2173550.129109252244234, 650087.5 ], [ 2173551.706509535666555, 650092.5 ], [ 2173552.5, 650094.978209252934903 ], [ 2173553.650566073600203, 650097.5 ], [ 2173556.158738567959517, 650102.5 ], [ 2173557.5, 650104.717651307117194 ], [ 2173559.95059559494257, 650107.5 ], [ 2173562.5, 650110.364537411718629 ], [ 2173564.610962875187397, 650112.5 ], [ 2173567.5, 650115.214733921689913 ], [ 2173570.201730988454074, 650117.5 ], [ 2173572.5, 650119.283452314906754 ], [ 2173577.5, 650122.399893056834117 ], [ 2173577.92587873712182, 650122.5 ], [ 2173582.5, 650123.257497555576265 ], [ 2173587.5, 650122.680990714929067 ], [ 2173588.02068096306175, 650122.5 ], [ 2173592.5, 650120.405104979174212 ], [ 2173597.5, 650117.511011211900041 ], [ 2173597.516552219633013, 650117.5 ], [ 2173602.5, 650113.952325017889962 ], [ 2173604.403069706168026, 650112.5 ], [ 2173607.5, 650109.549075760645792 ], [ 2173609.177513485774398, 650107.5 ], [ 2173612.278306280262768, 650102.5 ], [ 2173612.5, 650101.896348249283619 ], [ 2173613.533905806019902, 650097.5 ], [ 2173613.841984568163753, 650092.5 ], [ 2173613.304584032390267, 650087.5 ], [ 2173612.5, 650084.443689934443682 ], [ 2173611.776042875368148, 650082.5 ], [ 2173609.259929382707924, 650077.5 ], [ 2173607.5, 650074.564299325575121 ], [ 2173606.070119851734489, 650072.5 ], [ 2173602.640508012846112, 650067.5 ], [ 2173602.5, 650067.297538705170155 ], [ 2173598.643949621822685, 650062.5 ], [ 2173597.5, 650060.510489635518752 ], [ 2173595.289906019810587, 650057.5 ], [ 2173592.900043309666216, 650052.5 ], [ 2173592.5, 650051.41689621063415 ], [ 2173589.832204789388925, 650047.5 ], [ 2173588.245436387136579, 650042.5 ], [ 2173587.536610503215343, 650037.5 ], [ 2173587.5, 650037.297450128942728 ], [ 2173586.311097471509129, 650032.5 ], [ 2173585.275978504214436, 650027.5 ], [ 2173584.465884987730533, 650022.5 ], [ 2173583.633221116382629, 650017.5 ], [ 2173582.612040033563972, 650012.5 ], [ 2173582.5, 650012.126791637856513 ], [ 2173580.566135293338448, 650007.5 ], [ 2173578.433539017103612, 650002.5 ], [ 2173577.5, 650000.217491896240972 ], [ 2173576.094316022470593, 649997.5 ], [ 2173574.152731884270906, 649992.5 ], [ 2173572.673861084505916, 649987.5 ], [ 2173572.5, 649986.927519410499372 ], [ 2173570.377788551151752, 649982.5 ], [ 2173568.621734394226223, 649977.5 ], [ 2173567.5, 649973.19694528542459 ], [ 2173567.234861155506223, 649972.5 ], [ 2173565.5893525169231, 649967.5 ], [ 2173564.237099732272327, 649962.5 ], [ 2173562.909870645031333, 649957.5 ], [ 2173562.5, 649956.015779000357725 ], [ 2173559.757373335305601, 649952.5 ], [ 2173557.5, 649950.071399264037609 ], [ 2173552.5, 649949.564701980561949 ], [ 2173547.5, 649951.102962639648467 ], [ 2173545.430187052115798, 649952.5 ], [ 2173542.5, 649954.280019751051441 ], [ 2173538.676805851049721, 649957.5 ], [ 2173537.5, 649958.189371313899755 ], [ 2173532.5, 649960.612142663216218 ], [ 2173527.5, 649962.193747883895412 ], [ 2173526.538485177792609, 649962.5 ], [ 2173522.5, 649964.107612258289009 ], [ 2173517.5, 649966.859465732937679 ], [ 2173516.430602699518204, 649967.5 ], [ 2173512.5, 649970.61649592872709 ], [ 2173508.934033615980297, 649972.5 ], [ 2173507.5, 649973.238988327444531 ], [ 2173502.5, 649974.627495745429769 ], [ 2173497.5, 649975.415783195174299 ], [ 2173492.5, 649975.963493655901402 ], [ 2173487.5, 649976.228670989279635 ], [ 2173482.5, 649976.140416946029291 ], [ 2173477.5, 649975.732712730648927 ], [ 2173472.5, 649974.834572696010582 ], [ 2173467.5, 649972.52418026549276 ], [ 2173467.470059874933213, 649972.5 ], [ 2173463.381670601200312, 649967.5 ], [ 2173462.5, 649966.090324692078866 ], [ 2173459.621950412169099, 649962.5 ], [ 2173457.5, 649960.099158829892986 ], [ 2173452.5, 649958.047313193674199 ], [ 2173447.5, 649960.602810370270163 ], [ 2173444.670538111589849, 649962.5 ], [ 2173442.5, 649963.429245068808086 ], [ 2173440.508042055182159, 649962.5 ], [ 2173437.5, 649959.577262332546525 ], [ 2173435.783256896771491, 649957.5 ], [ 2173432.5, 649953.868631767458282 ], [ 2173430.291739048901945, 649952.5 ], [ 2173427.5, 649948.25745576294139 ], [ 2173427.226289780810475, 649947.5 ], [ 2173427.5, 649946.453051824704744 ], [ 2173428.40198659338057, 649942.5 ], [ 2173429.475455144885927, 649937.5 ], [ 2173429.808605442289263, 649932.5 ], [ 2173429.676554056350142, 649927.5 ], [ 2173429.175452908501029, 649922.5 ], [ 2173428.582887612748891, 649917.5 ], [ 2173428.277582995127887, 649912.5 ], [ 2173428.561913530807942, 649907.5 ], [ 2173430.150743424892426, 649902.5 ], [ 2173432.5, 649899.526810863637365 ], [ 2173437.5, 649898.058955276850611 ], [ 2173442.5, 649899.197063974221237 ], [ 2173447.5, 649901.090556752053089 ], [ 2173450.487699816469103, 649902.5 ], [ 2173452.5, 649903.355494081391953 ], [ 2173457.5, 649905.988100209506229 ], [ 2173459.910684894304723, 649907.5 ], [ 2173462.5, 649908.917324268491939 ], [ 2173467.5, 649910.569368530646898 ], [ 2173472.5, 649908.648562963586301 ], [ 2173473.287922317162156, 649907.5 ], [ 2173477.322894136421382, 649902.5 ], [ 2173477.5, 649902.331065530190244 ], [ 2173482.5, 649898.049481700290926 ], [ 2173483.684325289446861, 649897.5 ], [ 2173487.5, 649895.43684583355207 ], [ 2173492.5, 649894.122413524892181 ], [ 2173497.5, 649893.692634603125043 ], [ 2173502.5, 649892.663668123306707 ], [ 2173502.655705209355801, 649892.5 ], [ 2173504.320297029800713, 649887.5 ], [ 2173505.923515778500587, 649882.5 ], [ 2173507.5, 649878.047478536493145 ], [ 2173507.70354920392856, 649877.5 ], [ 2173507.5, 649877.106897041201591 ], [ 2173502.5, 649873.654021255206317 ], [ 2173499.6682935571298, 649872.5 ], [ 2173497.5, 649872.056141803506762 ], [ 2173492.5, 649870.101400775020011 ], [ 2173489.001917130779475, 649867.5 ], [ 2173487.5, 649866.389853681786917 ], [ 2173482.5, 649863.631008409778588 ], [ 2173477.5, 649863.652182675665244 ], [ 2173472.5, 649864.362298500491306 ], [ 2173467.5, 649864.068311088951305 ], [ 2173464.387708021327853, 649862.5 ], [ 2173462.5, 649861.343783736461774 ], [ 2173459.870287635363638, 649857.5 ], [ 2173458.47845072997734, 649852.5 ], [ 2173458.273459871299565, 649847.5 ], [ 2173459.321017799433321, 649842.5 ], [ 2173462.5, 649838.299611216643825 ], [ 2173463.932067221961915, 649837.5 ], [ 2173467.5, 649835.820703880977817 ], [ 2173472.5, 649834.697118957061321 ], [ 2173477.5, 649833.443901244318113 ], [ 2173479.947488076519221, 649832.5 ], [ 2173482.5, 649831.237393583520316 ], [ 2173487.5, 649828.805080852354877 ], [ 2173492.339822175446898, 649827.5 ], [ 2173492.5, 649827.440908609889448 ], [ 2173493.908635073341429, 649827.5 ], [ 2173497.5, 649827.604474464897066 ], [ 2173502.5, 649829.490952597698197 ], [ 2173506.243780589196831, 649832.5 ], [ 2173507.5, 649833.805591388139874 ], [ 2173510.261845143977553, 649837.5 ], [ 2173512.16318238619715, 649842.5 ], [ 2173512.5, 649843.380042815115303 ], [ 2173514.677146160043776, 649847.5 ], [ 2173516.642524439841509, 649852.5 ], [ 2173517.5, 649856.095858714194037 ], [ 2173518.351196051109582, 649857.5 ], [ 2173520.770884432364255, 649862.5 ], [ 2173522.5, 649864.014285360346548 ], [ 2173527.5, 649865.024447825504467 ], [ 2173532.5, 649865.390229675336741 ], [ 2173537.5, 649864.552503301994875 ], [ 2173542.02239119913429, 649862.5 ], [ 2173542.5, 649861.788394601549953 ], [ 2173543.376515012700111, 649857.5 ], [ 2173542.5, 649852.772449728101492 ], [ 2173542.36929498706013, 649852.5 ], [ 2173537.5, 649849.005542781436816 ], [ 2173533.879278623964638, 649847.5 ], [ 2173532.5, 649847.152984535088763 ], [ 2173527.5, 649843.897951122839004 ], [ 2173526.313109461218119, 649842.5 ], [ 2173522.552303003147244, 649837.5 ], [ 2173522.5, 649837.413567967247218 ], [ 2173519.220965713728219, 649832.5 ], [ 2173518.127942834515125, 649827.5 ], [ 2173519.098397188819945, 649822.5 ], [ 2173522.5, 649818.010993718286045 ], [ 2173522.885778317693621, 649817.5 ], [ 2173527.5, 649813.652756546158344 ], [ 2173529.596135900355875, 649812.5 ], [ 2173532.5, 649811.095056957565248 ], [ 2173537.5, 649809.456305367522873 ], [ 2173542.5, 649808.282687003957108 ], [ 2173546.621778700035065, 649807.5 ], [ 2173547.5, 649807.225830039824359 ], [ 2173552.5, 649803.040497959358618 ], [ 2173552.726475491188467, 649802.5 ], [ 2173554.021169778890908, 649797.5 ], [ 2173555.143204555846751, 649792.5 ], [ 2173556.462134006433189, 649787.5 ], [ 2173557.5, 649784.091034222743474 ], [ 2173557.90714405849576, 649782.5 ], [ 2173559.271481989882886, 649777.5 ], [ 2173560.909522637259215, 649772.5 ], [ 2173562.5, 649767.532641916885041 ], [ 2173562.506995117757469, 649767.5 ], [ 2173562.885610130615532, 649762.5 ], [ 2173562.729761258233339, 649757.5 ], [ 2173562.507857279852033, 649752.5 ], [ 2173562.54602465312928, 649747.5 ], [ 2173563.067085125483572, 649742.5 ], [ 2173563.8928138371557, 649737.5 ], [ 2173564.426506649237126, 649732.5 ], [ 2173564.454699927940965, 649727.5 ], [ 2173564.167864819057286, 649722.5 ], [ 2173563.645236225798726, 649717.5 ], [ 2173562.863124827854335, 649712.5 ], [ 2173562.5, 649710.678146376623772 ], [ 2173561.393235283903778, 649707.5 ], [ 2173559.923781473189592, 649702.5 ], [ 2173558.661043663974851, 649697.5 ], [ 2173557.5, 649693.791089797508903 ], [ 2173556.815568694379181, 649692.5 ], [ 2173552.698130133096129, 649687.5 ], [ 2173552.5, 649687.345208136830479 ], [ 2173547.5, 649686.758462532889098 ], [ 2173542.5, 649687.339467253419571 ], [ 2173542.094999410677701, 649687.5 ], [ 2173537.821542704477906, 649692.5 ], [ 2173537.5, 649693.493220530566759 ], [ 2173536.815281568095088, 649697.5 ], [ 2173536.021843788214028, 649702.5 ], [ 2173535.60198960499838, 649707.5 ], [ 2173536.216118601150811, 649712.5 ], [ 2173537.5, 649715.947054501739331 ], [ 2173538.162506261840463, 649717.5 ], [ 2173540.457879347726703, 649722.5 ], [ 2173541.132114022504538, 649727.5 ], [ 2173538.80225479695946, 649732.5 ], [ 2173537.5, 649734.039384845993482 ], [ 2173532.5, 649737.136250673327595 ], [ 2173531.601889614015818, 649737.5 ], [ 2173527.5, 649740.292574212304316 ], [ 2173523.4687589854002, 649742.5 ], [ 2173522.5, 649744.980672759236768 ], [ 2173517.5, 649746.63325540185906 ], [ 2173512.5, 649747.068338030599989 ], [ 2173510.325449770782143, 649747.5 ], [ 2173507.5, 649748.613228321424685 ], [ 2173503.270153862889856, 649752.5 ], [ 2173503.801823357120156, 649757.5 ], [ 2173505.785586712881923, 649762.5 ], [ 2173507.5, 649765.534182139323093 ], [ 2173508.70850970922038, 649767.5 ], [ 2173511.880538347177207, 649772.5 ], [ 2173512.5, 649773.430760586517863 ], [ 2173514.915322568733245, 649777.5 ], [ 2173516.782775552012026, 649782.5 ], [ 2173517.350481004919857, 649787.5 ], [ 2173516.793983798474073, 649792.5 ], [ 2173514.74145917640999, 649797.5 ], [ 2173512.5, 649800.226963000488468 ], [ 2173509.988413642626256, 649802.5 ], [ 2173507.5, 649804.450720612076111 ], [ 2173502.5, 649806.553787857643329 ], [ 2173497.5, 649807.177810959867202 ], [ 2173492.5, 649806.151288332068361 ], [ 2173487.5, 649803.062236463301815 ], [ 2173486.701762696262449, 649802.5 ], [ 2173482.5, 649799.843735352624208 ], [ 2173479.183875311631709, 649797.5 ], [ 2173477.5, 649795.8032879922539 ], [ 2173474.810199573170394, 649792.5 ], [ 2173473.057264673989266, 649787.5 ], [ 2173472.5, 649782.64279451710172 ], [ 2173472.478367226198316, 649782.5 ], [ 2173472.5, 649780.722306721494533 ], [ 2173472.525227206293494, 649777.5 ], [ 2173473.094918023329228, 649772.5 ], [ 2173474.409335506614298, 649767.5 ], [ 2173477.000357185956091, 649762.5 ], [ 2173477.5, 649761.766006256570108 ], [ 2173480.873959087301046, 649757.5 ], [ 2173482.5, 649755.345792380161583 ], [ 2173485.454841449391097, 649752.5 ], [ 2173486.538630335126072, 649747.5 ], [ 2173483.76932483073324, 649742.5 ], [ 2173482.5, 649741.190209776978008 ], [ 2173479.048893444240093, 649737.5 ], [ 2173477.5, 649736.254448257153854 ], [ 2173472.5, 649733.691411917563528 ], [ 2173467.547279588412493, 649732.5 ], [ 2173467.5, 649732.490896655013785 ], [ 2173462.5, 649731.331178187392652 ], [ 2173457.5, 649729.008710294496268 ], [ 2173455.105631853453815, 649727.5 ], [ 2173452.5, 649725.758010891033337 ], [ 2173448.7540248115547, 649722.5 ], [ 2173447.5, 649720.947193870902993 ], [ 2173445.145647368393838, 649717.5 ], [ 2173443.32910311082378, 649712.5 ], [ 2173442.5, 649709.586723001557402 ], [ 2173441.756765801459551, 649707.5 ], [ 2173439.306525681167841, 649702.5 ], [ 2173437.5, 649699.715371245285496 ], [ 2173435.81904381653294, 649697.5 ], [ 2173432.5, 649693.178929985384457 ], [ 2173431.98224358772859, 649692.5 ], [ 2173428.50162531202659, 649687.5 ], [ 2173427.5, 649685.786362586659379 ], [ 2173425.583746367599815, 649682.5 ], [ 2173423.365399665664881, 649677.5 ], [ 2173422.5, 649675.120679135550745 ], [ 2173421.435835432261229, 649672.5 ], [ 2173419.525052237790078, 649667.5 ], [ 2173417.508547455072403, 649662.5 ], [ 2173417.5, 649662.48337041423656 ], [ 2173414.291996343526989, 649657.5 ], [ 2173412.5, 649655.294812817708589 ], [ 2173409.746298184618354, 649652.5 ], [ 2173407.5, 649650.127495530294254 ], [ 2173405.11705051921308, 649647.5 ], [ 2173402.5, 649644.029952187440358 ], [ 2173401.255916737951338, 649642.5 ], [ 2173397.815519139170647, 649637.5 ], [ 2173397.5, 649636.979715584893711 ], [ 2173394.435521394945681, 649632.5 ], [ 2173392.5, 649629.129812562954612 ], [ 2173391.434942962601781, 649627.5 ], [ 2173388.17155661387369, 649622.5 ], [ 2173387.5, 649621.287102117901668 ], [ 2173385.593541666865349, 649617.5 ], [ 2173384.640543842222542, 649612.5 ], [ 2173384.566589099820703, 649607.5 ], [ 2173383.996731109451503, 649602.5 ], [ 2173382.5, 649598.102332879556343 ], [ 2173382.252706278581172, 649597.5 ], [ 2173379.127386863343418, 649592.5 ], [ 2173377.5, 649590.39832057536114 ], [ 2173374.749117460567504, 649587.5 ], [ 2173372.5, 649584.316555698984303 ], [ 2173371.207871568389237, 649582.5 ], [ 2173369.637531298678368, 649577.5 ], [ 2173369.015784393064678, 649572.5 ], [ 2173368.468436910770833, 649567.5 ], [ 2173367.5, 649563.067332638776861 ], [ 2173367.349060036707669, 649562.5 ], [ 2173365.088457650505006, 649557.5 ], [ 2173362.5, 649553.129507741774432 ], [ 2173362.047366626560688, 649552.5 ], [ 2173358.778133826795965, 649547.5 ], [ 2173357.5, 649544.491646713693626 ], [ 2173356.585735850501806, 649542.5 ], [ 2173355.318105490412563, 649537.5 ], [ 2173354.168080959934741, 649532.5 ], [ 2173352.5, 649527.725867627304979 ], [ 2173352.407465305645019, 649527.5 ], [ 2173349.212161352392286, 649522.5 ], [ 2173347.5, 649520.544766483013518 ], [ 2173344.603388952556998, 649517.5 ], [ 2173342.5, 649515.376318703172728 ], [ 2173339.72082012379542, 649512.5 ], [ 2173337.5, 649510.190440354985185 ], [ 2173334.949441632255912, 649507.5 ], [ 2173332.5, 649504.732089904136956 ], [ 2173330.707809202838689, 649502.5 ], [ 2173327.609003008808941, 649497.5 ], [ 2173327.5, 649497.218131706351414 ], [ 2173325.848284706473351, 649492.5 ], [ 2173325.147444974631071, 649487.5 ], [ 2173324.854669535532594, 649482.5 ], [ 2173324.356665162369609, 649477.5 ], [ 2173322.775324639864266, 649472.5 ], [ 2173322.5, 649472.000458713737316 ], [ 2173319.85979645466432, 649467.5 ], [ 2173317.5, 649463.23112209700048 ], [ 2173317.100008648820221, 649462.5 ], [ 2173315.458266812842339, 649457.5 ], [ 2173315.026650096289814, 649452.5 ], [ 2173315.571984851267189, 649447.5 ], [ 2173316.905979068949819, 649442.5 ], [ 2173317.5, 649441.088816405856051 ], [ 2173319.127330785617232, 649437.5 ], [ 2173322.5, 649432.821228349697776 ], [ 2173323.096892029047012, 649432.5 ], [ 2173327.5, 649430.496675603091717 ], [ 2173332.5, 649431.493191666319035 ], [ 2173334.418796500656754, 649432.5 ], [ 2173337.5, 649433.948768527363427 ], [ 2173342.5, 649436.768362918985076 ], [ 2173343.699298980645835, 649437.5 ], [ 2173347.5, 649439.427441726671532 ], [ 2173352.5, 649442.168041453231126 ], [ 2173353.06904883030802, 649442.5 ], [ 2173357.5, 649444.770159497507848 ], [ 2173362.5, 649447.483227740158327 ], [ 2173362.532692983746529, 649447.5 ], [ 2173367.5, 649449.983912883792073 ], [ 2173372.5, 649452.498479086323641 ], [ 2173372.503908213227987, 649452.5 ], [ 2173377.5, 649454.262137309298851 ], [ 2173382.5, 649455.635802336619236 ], [ 2173386.393253152258694, 649457.5 ], [ 2173387.5, 649458.098747919779271 ], [ 2173391.842374870553613, 649462.5 ], [ 2173392.5, 649463.529593365266919 ], [ 2173394.868686039932072, 649467.5 ], [ 2173397.482161982450634, 649472.5 ], [ 2173397.5, 649472.527922904700972 ], [ 2173402.239662603940815, 649477.5 ], [ 2173402.5, 649477.718521302798763 ], [ 2173407.5, 649480.805074701900594 ], [ 2173410.56177494302392, 649482.5 ], [ 2173412.5, 649483.797477489337325 ], [ 2173417.011381865013391, 649487.5 ], [ 2173417.5, 649487.973880017874762 ], [ 2173421.070097449235618, 649492.5 ], [ 2173422.5, 649494.492550521623343 ], [ 2173424.409988039173186, 649497.5 ], [ 2173427.358702343888581, 649502.5 ], [ 2173427.5, 649502.745559864095412 ], [ 2173429.820416477974504, 649507.5 ], [ 2173432.122380736283958, 649512.5 ], [ 2173432.5, 649513.231368604581803 ], [ 2173434.717393972445279, 649517.5 ], [ 2173437.252915530465543, 649522.5 ], [ 2173437.5, 649523.00143989501521 ], [ 2173439.647998686879873, 649527.5 ], [ 2173441.500471479259431, 649532.5 ], [ 2173442.5, 649535.921838009497151 ], [ 2173443.013342328835279, 649537.5 ], [ 2173444.272227306850255, 649542.5 ], [ 2173445.056510225869715, 649547.5 ], [ 2173445.489754365291446, 649552.5 ], [ 2173446.034304196480662, 649557.5 ], [ 2173447.087690987158567, 649562.5 ], [ 2173447.5, 649563.589519741595723 ], [ 2173449.059994466602802, 649567.5 ], [ 2173451.764622617512941, 649572.5 ], [ 2173452.5, 649573.731753271189518 ], [ 2173455.227122851647437, 649577.5 ], [ 2173457.5, 649580.639847527607344 ], [ 2173459.78957414906472, 649582.5 ], [ 2173462.5, 649584.726020718342625 ], [ 2173467.5, 649585.324855994898826 ], [ 2173472.5, 649582.996354701113887 ], [ 2173473.376501600258052, 649582.5 ], [ 2173477.5, 649580.033039767760783 ], [ 2173482.5, 649577.899514332297258 ], [ 2173483.538810446392745, 649577.5 ], [ 2173487.5, 649576.405595958931372 ], [ 2173492.5, 649574.951340476283804 ], [ 2173497.5, 649573.250226943520829 ], [ 2173498.797758580185473, 649572.5 ], [ 2173502.5, 649570.794609267730266 ], [ 2173506.067070764489472, 649567.5 ], [ 2173507.5, 649564.55506901780609 ], [ 2173508.180512808728963, 649562.5 ], [ 2173507.5, 649559.086333325016312 ], [ 2173507.136494729667902, 649557.5 ], [ 2173504.120346746407449, 649552.5 ], [ 2173502.5, 649550.405089395353571 ], [ 2173499.981654266361147, 649547.5 ], [ 2173497.5, 649543.122842339216731 ], [ 2173497.183003799058497, 649542.5 ], [ 2173497.060814473312348, 649537.5 ], [ 2173497.5, 649536.374859464238398 ], [ 2173499.331138624344021, 649532.5 ], [ 2173502.5, 649528.312307974440046 ], [ 2173502.989918812643737, 649527.5 ], [ 2173505.935696701984853, 649522.5 ], [ 2173507.5, 649519.230602072668262 ], [ 2173508.263715238776058, 649517.5 ], [ 2173509.988377491943538, 649512.5 ], [ 2173511.327388174366206, 649507.5 ], [ 2173512.348039639182389, 649502.5 ], [ 2173512.5, 649501.78143211780116 ], [ 2173517.005638299975544, 649497.5 ], [ 2173517.5, 649497.326479221461341 ], [ 2173517.822986417915672, 649497.5 ], [ 2173522.5, 649499.675486985826865 ], [ 2173525.664739226922393, 649502.5 ], [ 2173527.5, 649504.453211452928372 ], [ 2173531.969867144711316, 649507.5 ], [ 2173532.5, 649508.028308263747022 ], [ 2173532.642813128884882, 649507.5 ], [ 2173533.71463099680841, 649502.5 ], [ 2173534.349099119659513, 649497.5 ], [ 2173534.513387431856245, 649492.5 ], [ 2173534.357171786949039, 649487.5 ], [ 2173534.094608917366713, 649482.5 ], [ 2173534.026719838846475, 649477.5 ], [ 2173534.708365061786026, 649472.5 ], [ 2173536.057756758760661, 649467.5 ], [ 2173536.838037435896695, 649462.5 ], [ 2173537.065435505472124, 649457.5 ], [ 2173537.5, 649455.33182957873214 ], [ 2173537.911043127067387, 649452.5 ], [ 2173539.64259349135682, 649447.5 ], [ 2173542.499207768123597, 649442.5 ], [ 2173542.5, 649442.498750558239408 ], [ 2173544.391493740491569, 649437.5 ], [ 2173545.601152253802866, 649432.5 ], [ 2173545.568525438196957, 649427.5 ], [ 2173544.233484017197043, 649422.5 ], [ 2173542.5, 649417.904313244624063 ], [ 2173542.301377837080508, 649417.5 ], [ 2173540.112863494548947, 649412.5 ], [ 2173538.793220194522291, 649407.5 ], [ 2173538.153351741377264, 649402.5 ], [ 2173537.796521604526788, 649397.5 ], [ 2173537.5, 649395.286411373643205 ], [ 2173536.890646433457732, 649392.5 ], [ 2173535.215580686926842, 649387.5 ], [ 2173533.666937920730561, 649382.5 ], [ 2173532.539418460801244, 649377.5 ], [ 2173532.5, 649377.323922942276113 ], [ 2173531.244520128238946, 649372.5 ], [ 2173530.052237883210182, 649367.5 ], [ 2173528.807891495991498, 649362.5 ], [ 2173527.5, 649357.621842019027099 ], [ 2173527.45368160540238, 649357.5 ], [ 2173525.423153202980757, 649352.5 ], [ 2173523.52252905163914, 649347.5 ], [ 2173522.5, 649345.045751643949188 ], [ 2173520.905499047599733, 649342.5 ], [ 2173517.5, 649337.798073501326144 ], [ 2173517.154386068694293, 649337.5 ], [ 2173512.5, 649334.72142277774401 ], [ 2173507.5, 649332.672791366581805 ], [ 2173507.098843659739941, 649332.5 ], [ 2173502.5, 649331.017829190008342 ], [ 2173497.5, 649328.561628653551452 ], [ 2173495.698808504734188, 649327.5 ], [ 2173492.5, 649326.14246234705206 ], [ 2173487.5, 649324.238422393915243 ], [ 2173483.698731737677008, 649322.5 ], [ 2173482.5, 649322.06435278209392 ], [ 2173477.5, 649319.490564876934513 ], [ 2173474.160583961289376, 649317.5 ], [ 2173472.5, 649316.715646566124633 ], [ 2173467.5, 649315.171279217116535 ], [ 2173462.5, 649313.409803657792509 ], [ 2173460.559292212128639, 649312.5 ], [ 2173457.5, 649311.378378759021871 ], [ 2173452.5, 649309.751090879552066 ], [ 2173447.5, 649308.477163102128543 ], [ 2173444.34542126301676, 649307.5 ], [ 2173442.5, 649307.015130406129174 ], [ 2173437.5, 649304.94631457561627 ], [ 2173433.652427326887846, 649302.5 ], [ 2173432.5, 649301.752554921200499 ], [ 2173427.5, 649298.275473418645561 ], [ 2173426.286976266186684, 649297.5 ], [ 2173422.5, 649295.75640889047645 ], [ 2173417.5, 649293.846553437877446 ], [ 2173414.60014920309186, 649292.5 ], [ 2173412.5, 649291.657287433743477 ], [ 2173407.5, 649288.657087749568745 ], [ 2173405.855171153787524, 649287.5 ], [ 2173402.5, 649285.453193742781878 ], [ 2173397.5, 649283.015904104686342 ], [ 2173395.222822200972587, 649282.5 ], [ 2173392.5, 649282.085610247100703 ] ], [ [ 2173443.094289515167475, 649807.5 ], [ 2173447.5, 649809.304655251442455 ], [ 2173451.396119901444763, 649812.5 ], [ 2173452.5, 649814.187471886514686 ], [ 2173454.314552193973213, 649817.5 ], [ 2173454.985679282341152, 649822.5 ], [ 2173453.472548556048423, 649827.5 ], [ 2173452.5, 649828.604781605768949 ], [ 2173447.715302154887468, 649832.5 ], [ 2173447.5, 649832.614267343888059 ], [ 2173442.5, 649835.148812231840566 ], [ 2173437.5, 649837.070146384648979 ], [ 2173435.617288650013506, 649837.5 ], [ 2173432.5, 649838.555410757195204 ], [ 2173427.5, 649838.482439732179046 ], [ 2173425.641292509622872, 649837.5 ], [ 2173422.5, 649835.144733962370083 ], [ 2173420.916614005807787, 649832.5 ], [ 2173419.612238082103431, 649827.5 ], [ 2173419.81522804684937, 649822.5 ], [ 2173421.610317315906286, 649817.5 ], [ 2173422.5, 649816.182827791664749 ], [ 2173425.216812158934772, 649812.5 ], [ 2173427.5, 649810.424662832636386 ], [ 2173432.5, 649807.642136361566372 ], [ 2173433.297102367505431, 649807.5 ], [ 2173437.5, 649806.495693430886604 ], [ 2173442.5, 649807.25393215927761 ], [ 2173443.094289515167475, 649807.5 ] ], [ [ 2173524.909500976093113, 649752.5 ], [ 2173522.5, 649755.88217051140964 ], [ 2173518.882091876585037, 649752.5 ], [ 2173522.5, 649749.048523087636568 ], [ 2173524.909500976093113, 649752.5 ] ], [ [ 2173537.5, 649636.862581074121408 ], [ 2173537.309081994462758, 649637.5 ], [ 2173536.262263440061361, 649642.5 ], [ 2173536.192038220353425, 649647.5 ], [ 2173537.191592164803296, 649652.5 ], [ 2173537.5, 649652.92037397576496 ], [ 2173538.159851445816457, 649652.5 ], [ 2173540.962870819494128, 649647.5 ], [ 2173540.369717265013605, 649642.5 ], [ 2173537.838479008991271, 649637.5 ], [ 2173537.5, 649636.862581074121408 ] ], [ [ 2173502.5, 649590.256035054568201 ], [ 2173497.5, 649589.919023471069522 ], [ 2173494.42046451754868, 649592.5 ], [ 2173492.5, 649597.27300383138936 ], [ 2173492.444473522715271, 649597.5 ], [ 2173491.834885410964489, 649602.5 ], [ 2173490.116091789212078, 649607.5 ], [ 2173487.5, 649611.556998904794455 ], [ 2173486.937003110535443, 649612.5 ], [ 2173484.920109800994396, 649617.5 ], [ 2173484.275973499752581, 649622.5 ], [ 2173484.451211313251406, 649627.5 ], [ 2173485.346601142548025, 649632.5 ], [ 2173487.135346626397222, 649637.5 ], [ 2173487.5, 649638.322133863344789 ], [ 2173491.655954395886511, 649642.5 ], [ 2173492.5, 649643.487596316845156 ], [ 2173495.419053236488253, 649642.5 ], [ 2173497.5, 649642.126345189521089 ], [ 2173502.5, 649637.97097450576257 ], [ 2173502.922053234651685, 649637.5 ], [ 2173507.5, 649633.108881108812056 ], [ 2173508.249824547674507, 649632.5 ], [ 2173511.692950868979096, 649627.5 ], [ 2173511.411721627693623, 649622.5 ], [ 2173509.940736794378608, 649617.5 ], [ 2173509.032437544316053, 649612.5 ], [ 2173508.690326460637152, 649607.5 ], [ 2173508.575171801727265, 649602.5 ], [ 2173508.09627818595618, 649597.5 ], [ 2173507.5, 649595.904996443772689 ], [ 2173504.86084493342787, 649592.5 ], [ 2173502.5, 649590.256035054568201 ] ] ] } },
{ "type": "Feature", "properties": { "fid": 2, "time": "2018-01-01", "year": 2018 }, "geometry": { "type": "MultiLineString", "coordinates": [ [ [ 2173397.5, 649282.188077080878429 ], [ 2173392.5, 649281.360926581197418 ], [ 2173387.5, 649281.078064235392958 ], [ 2173382.5, 649280.894961208337918 ], [ 2173377.5, 649280.689782591885887 ], [ 2173372.5, 649280.738540965830907 ], [ 2173367.5, 649280.964590824092738 ], [ 2173362.5, 649280.934893067693338 ], [ 2173357.5, 649280.579566449625418 ], [ 2173352.5, 649280.197148174978793 ], [ 2173347.5, 649280.006592233665287 ], [ 2173342.5, 649280.100031109875999 ], [ 2173337.5, 649280.425921820919029 ], [ 2173332.5, 649280.803675211733207 ], [ 2173327.5, 649281.047135352157056 ], [ 2173322.5, 649280.969634862733074 ], [ 2173317.5, 649280.690553941647522 ], [ 2173312.5, 649280.672251336276531 ], [ 2173307.5, 649281.280521274195053 ], [ 2173303.092048443853855, 649282.5 ], [ 2173302.5, 649282.710789287695661 ], [ 2173297.5, 649285.152486225124449 ], [ 2173293.515938728582114, 649287.5 ], [ 2173292.5, 649288.170474947313778 ], [ 2173287.5, 649291.917442863923497 ], [ 2173286.856291125994176, 649292.5 ], [ 2173282.5, 649296.740890742628835 ], [ 2173281.816682076547295, 649297.5 ], [ 2173277.5, 649302.373823907109909 ], [ 2173277.392064098734409, 649302.5 ], [ 2173273.693433706648648, 649307.5 ], [ 2173272.5, 649309.346577047836035 ], [ 2173270.73806529212743, 649312.5 ], [ 2173268.325929366052151, 649317.5 ], [ 2173267.5, 649319.317345301853493 ], [ 2173266.304401805624366, 649322.5 ], [ 2173264.108287996612489, 649327.5 ], [ 2173262.5, 649330.215605447883718 ], [ 2173261.278336200397462, 649332.5 ], [ 2173258.032087932340801, 649337.5 ], [ 2173257.5, 649338.235871967044659 ], [ 2173254.545714369043708, 649342.5 ], [ 2173252.5, 649345.332738551544026 ], [ 2173251.051550061907619, 649347.5 ], [ 2173247.878219458740205, 649352.5 ], [ 2173247.5, 649353.259241148363799 ], [ 2173245.970470416359603, 649357.5 ], [ 2173245.093397938180715, 649362.5 ], [ 2173244.547462460119277, 649367.5 ], [ 2173243.90862060431391, 649372.5 ], [ 2173242.952067872975022, 649377.5 ], [ 2173242.5, 649379.448497412260622 ], [ 2173241.968031105119735, 649382.5 ], [ 2173241.258714579977095, 649387.5 ], [ 2173240.837486479431391, 649392.5 ], [ 2173240.690868882928044, 649397.5 ], [ 2173240.843364563304931, 649402.5 ], [ 2173241.338422054890543, 649407.5 ], [ 2173242.06456374656409, 649412.5 ], [ 2173242.5, 649415.295472375582904 ], [ 2173242.938241653610021, 649417.5 ], [ 2173243.858559280633926, 649422.5 ], [ 2173244.726123073603958, 649427.5 ], [ 2173245.730926260817796, 649432.5 ], [ 2173247.074349912814796, 649437.5 ], [ 2173247.5, 649438.853524362319149 ], [ 2173248.842576978728175, 649442.5 ], [ 2173250.233886185567826, 649447.5 ], [ 2173251.261818535625935, 649452.5 ], [ 2173252.208988402504474, 649457.5 ], [ 2173252.5, 649458.789353739935905 ], [ 2173253.584313419181854, 649462.5 ], [ 2173255.353476192336529, 649467.5 ], [ 2173257.179181380197406, 649472.5 ], [ 2173257.5, 649473.565874541294761 ], [ 2173258.91910319076851, 649477.5 ], [ 2173259.91133506083861, 649482.5 ], [ 2173260.361181341577321, 649487.5 ], [ 2173260.691756829153746, 649492.5 ], [ 2173261.466628744732589, 649497.5 ], [ 2173262.5, 649501.191681019845419 ], [ 2173262.955906043294817, 649502.5 ], [ 2173265.147923888638616, 649507.5 ], [ 2173267.358181436080486, 649512.5 ], [ 2173267.5, 649512.833943633362651 ], [ 2173269.578606226947159, 649517.5 ], [ 2173271.17453686799854, 649522.5 ], [ 2173272.400918738916516, 649527.5 ], [ 2173272.5, 649527.917082217056304 ], [ 2173273.906189753208309, 649532.5 ], [ 2173275.546454269438982, 649537.5 ], [ 2173277.344355156645179, 649542.5 ], [ 2173277.5, 649542.899459140375257 ], [ 2173279.473849331028759, 649547.5 ], [ 2173281.043050547596067, 649552.5 ], [ 2173282.012132674921304, 649557.5 ], [ 2173282.5, 649562.013523216824979 ], [ 2173282.572496776934713, 649562.5 ], [ 2173283.026584341190755, 649567.5 ], [ 2173283.633179250638932, 649572.5 ], [ 2173284.948570211883634, 649577.5 ], [ 2173286.585283816792071, 649582.5 ], [ 2173287.5, 649586.137498751864769 ], [ 2173287.920522068627179, 649587.5 ], [ 2173288.846175654791296, 649592.5 ], [ 2173289.348625457845628, 649597.5 ], [ 2173289.687012737151235, 649602.5 ], [ 2173290.120172748807818, 649607.5 ], [ 2173290.72333020856604, 649612.5 ], [ 2173291.449409572873265, 649617.5 ], [ 2173292.312722294591367, 649622.5 ], [ 2173292.5, 649623.375844132271595 ], [ 2173293.728560241404921, 649627.5 ], [ 2173295.279952439945191, 649632.5 ], [ 2173296.633614868856966, 649637.5 ], [ 2173297.5, 649642.252655479009263 ], [ 2173297.563368345610797, 649642.5 ], [ 2173298.010569527745247, 649647.5 ], [ 2173298.061523525044322, 649652.5 ], [ 2173298.75774887111038, 649657.5 ], [ 2173300.630700276233256, 649662.5 ], [ 2173302.5, 649665.425178195233457 ], [ 2173304.259042994584888, 649667.5 ], [ 2173307.5, 649670.919341489207 ], [ 2173308.994572324678302, 649672.5 ], [ 2173312.5, 649676.866038827225566 ], [ 2173313.020993334706873, 649677.5 ], [ 2173316.490219854284078, 649682.5 ], [ 2173317.5, 649684.353761941776611 ], [ 2173319.274266970343888, 649687.5 ], [ 2173321.284518603701144, 649692.5 ], [ 2173322.5, 649697.139559690025635 ], [ 2173322.617590994108468, 649697.5 ], [ 2173323.704643620643765, 649702.5 ], [ 2173324.375121228396893, 649707.5 ], [ 2173325.095320337917656, 649712.5 ], [ 2173326.469241647049785, 649717.5 ], [ 2173327.5, 649719.985455735702999 ], [ 2173328.7578842965886, 649722.5 ], [ 2173331.162726792506874, 649727.5 ], [ 2173332.5, 649730.811449094791897 ], [ 2173333.279279179405421, 649732.5 ], [ 2173335.160948754753917, 649737.5 ], [ 2173336.674867364577949, 649742.5 ], [ 2173337.5, 649745.433387495344505 ], [ 2173338.191911281552166, 649747.5 ], [ 2173339.675327079370618, 649752.5 ], [ 2173340.990491576492786, 649757.5 ], [ 2173342.267933543771505, 649762.5 ], [ 2173342.5, 649763.346741020795889 ], [ 2173343.893182872794569, 649767.5 ], [ 2173345.410054977517575, 649772.5 ], [ 2173346.667730882298201, 649777.5 ], [ 2173347.5, 649781.255435178056359 ], [ 2173347.833768946584314, 649782.5 ], [ 2173349.095766978804022, 649787.5 ], [ 2173350.295600104611367, 649792.5 ], [ 2173351.493587090168148, 649797.5 ], [ 2173352.5, 649801.590418305364437 ], [ 2173352.787244648206979, 649802.5 ], [ 2173354.433328394312412, 649807.5 ], [ 2173356.292937028687447, 649812.5 ], [ 2173357.5, 649814.983971979701892 ], [ 2173359.007438799832016, 649817.5 ], [ 2173362.09903007466346, 649822.5 ], [ 2173362.5, 649823.150996204582043 ], [ 2173365.239860872272402, 649827.5 ], [ 2173367.5, 649832.002273876103573 ], [ 2173367.758412262890488, 649832.5 ], [ 2173370.113991827238351, 649837.5 ], [ 2173371.938968642614782, 649842.5 ], [ 2173372.5, 649844.235111357294954 ], [ 2173373.773216382600367, 649847.5 ], [ 2173375.342344676610082, 649852.5 ], [ 2173376.542579091154039, 649857.5 ], [ 2173377.5, 649862.320855197147466 ], [ 2173377.545112314634025, 649862.5 ], [ 2173378.593488840386271, 649867.5 ], [ 2173379.678735300898552, 649872.5 ], [ 2173381.283546462189406, 649877.5 ], [ 2173382.5, 649880.300081209512427 ], [ 2173383.610213266685605, 649882.5 ], [ 2173385.984137672930956, 649887.5 ], [ 2173387.5, 649891.285875202622265 ], [ 2173388.02556522237137, 649892.5 ], [ 2173389.833719765767455, 649897.5 ], [ 2173391.228934195358306, 649902.5 ], [ 2173392.348406170960516, 649907.5 ], [ 2173392.5, 649908.239491553627886 ], [ 2173393.703025294002146, 649912.5 ], [ 2173395.040257431566715, 649917.5 ], [ 2173396.548394668381661, 649922.5 ], [ 2173397.5, 649924.767641864484176 ], [ 2173398.944445420522243, 649927.5 ], [ 2173401.648459853138775, 649932.5 ], [ 2173402.5, 649934.140379915013909 ], [ 2173404.49200994335115, 649937.5 ], [ 2173406.796960860025138, 649942.5 ], [ 2173407.5, 649944.659460437716916 ], [ 2173408.68455013865605, 649947.5 ], [ 2173410.11793945543468, 649952.5 ], [ 2173411.506567487027496, 649957.5 ], [ 2173412.5, 649960.307101390091702 ], [ 2173413.582785533741117, 649962.5 ], [ 2173416.295241487212479, 649967.5 ], [ 2173417.5, 649969.627847932046279 ], [ 2173419.309137002564967, 649972.5 ], [ 2173422.086415755562484, 649977.5 ], [ 2173422.5, 649978.246888922527432 ], [ 2173425.36578017892316, 649982.5 ], [ 2173427.5, 649986.126960232621059 ], [ 2173428.515785756520927, 649987.5 ], [ 2173432.271920294035226, 649992.5 ], [ 2173432.5, 649992.73933433520142 ], [ 2173437.5, 649997.037389255012386 ], [ 2173438.09272503387183, 649997.5 ], [ 2173442.5, 650000.229949436616153 ], [ 2173446.285726609174162, 650002.5 ], [ 2173447.5, 650003.132728844648227 ], [ 2173452.5, 650005.532240344327874 ], [ 2173455.79634149139747, 650007.5 ], [ 2173457.5, 650008.504573764861561 ], [ 2173462.5, 650012.06594088464044 ], [ 2173463.091696084942669, 650012.5 ], [ 2173467.5, 650015.1663078868296 ], [ 2173471.346392702311277, 650017.5 ], [ 2173472.5, 650018.090780824888498 ], [ 2173477.5, 650021.262171502225101 ], [ 2173478.903994601219893, 650022.5 ], [ 2173482.5, 650025.515071579138748 ], [ 2173484.747371796518564, 650027.5 ], [ 2173487.5, 650029.50443835684564 ], [ 2173492.027849730569869, 650032.5 ], [ 2173492.5, 650032.74516247829888 ], [ 2173497.5, 650035.098351717810147 ], [ 2173501.962077947333455, 650037.5 ], [ 2173502.5, 650037.739646694622934 ], [ 2173507.5, 650039.701829395024106 ], [ 2173512.5, 650041.714945050422102 ], [ 2173514.031504890415817, 650042.5 ], [ 2173517.5, 650043.97412138863001 ], [ 2173522.5, 650047.388730783364736 ], [ 2173522.63128776429221, 650047.5 ], [ 2173527.5, 650051.58254589268472 ], [ 2173528.38280293205753, 650052.5 ], [ 2173532.5, 650057.188575313659385 ], [ 2173532.78607036313042, 650057.5 ], [ 2173536.902715704869479, 650062.5 ], [ 2173537.5, 650063.441783071612008 ], [ 2173540.31464835582301, 650067.5 ], [ 2173542.372948163188994, 650072.5 ], [ 2173542.5, 650072.843859842163511 ], [ 2173544.555716274771839, 650077.5 ], [ 2173546.516224942635745, 650082.5 ], [ 2173547.5, 650084.806972880614921 ], [ 2173548.905127164907753, 650087.5 ], [ 2173551.197619813494384, 650092.5 ], [ 2173552.5, 650095.897724139969796 ], [ 2173553.29193564504385, 650097.5 ], [ 2173555.79258066881448, 650102.5 ], [ 2173557.5, 650105.434638531762175 ], [ 2173559.171981845516711, 650107.5 ], [ 2173562.5, 650111.441089417086914 ], [ 2173563.585209486074746, 650112.5 ], [ 2173567.5, 650115.858410306391306 ], [ 2173569.7028070949018, 650117.5 ], [ 2173572.5, 650119.390117027563974 ], [ 2173577.094499337486923, 650122.5 ], [ 2173577.5, 650122.740202354732901 ], [ 2173582.5, 650124.688937525381334 ], [ 2173587.5, 650125.299970709485933 ], [ 2173592.5, 650124.322315306286328 ], [ 2173596.833794311620295, 650122.5 ], [ 2173597.5, 650122.163227035547607 ], [ 2173602.5, 650119.113253652816638 ], [ 2173605.036293468438089, 650117.5 ], [ 2173607.5, 650115.579361285315827 ], [ 2173611.131764760240912, 650112.5 ], [ 2173612.5, 650110.936480355914682 ], [ 2173614.942110853269696, 650107.5 ], [ 2173617.5, 650102.504117201198824 ], [ 2173617.501645117998123, 650102.5 ], [ 2173618.476996046490967, 650097.5 ], [ 2173618.677507567219436, 650092.5 ], [ 2173618.164096664171666, 650087.5 ], [ 2173617.5, 650084.903711167396978 ], [ 2173616.708550718612969, 650082.5 ], [ 2173614.165829586796463, 650077.5 ], [ 2173612.5, 650075.144118421012536 ], [ 2173610.476098210550845, 650072.5 ], [ 2173607.5, 650068.717996196937747 ], [ 2173606.514138899743557, 650067.5 ], [ 2173602.911156957969069, 650062.5 ], [ 2173602.5, 650061.82173329917714 ], [ 2173599.829567844513804, 650057.5 ], [ 2173597.973957687150687, 650052.5 ], [ 2173597.5, 650050.809099507750943 ], [ 2173596.120605045929551, 650047.5 ], [ 2173594.51194920251146, 650042.5 ], [ 2173593.161353534087539, 650037.5 ], [ 2173592.5, 650035.397211695904844 ], [ 2173591.116868352051824, 650032.5 ], [ 2173589.066023024730384, 650027.5 ], [ 2173587.598924127407372, 650022.5 ], [ 2173587.5, 650022.096364697092213 ], [ 2173585.961069487035275, 650017.5 ], [ 2173584.810345902107656, 650012.5 ], [ 2173583.821130638942122, 650007.5 ], [ 2173582.5, 650002.56662101962138 ], [ 2173582.474700815975666, 650002.5 ], [ 2173580.277307613752782, 649997.5 ], [ 2173578.662233094219118, 649992.5 ], [ 2173577.5, 649987.945618069265038 ], [ 2173577.341237605549395, 649987.5 ], [ 2173575.704365111887455, 649982.5 ], [ 2173574.280133824329823, 649977.5 ], [ 2173572.869776541367173, 649972.5 ], [ 2173572.5, 649971.290454658563249 ], [ 2173570.777028160635382, 649967.5 ], [ 2173568.836545951664448, 649962.5 ], [ 2173567.5, 649958.530406206380576 ], [ 2173566.948845500592142, 649957.5 ], [ 2173564.510380730498582, 649952.5 ], [ 2173562.5, 649948.250450884806924 ], [ 2173561.212493293918669, 649947.5 ], [ 2173557.5, 649945.857415765756741 ], [ 2173552.5, 649946.298958227736875 ], [ 2173548.117823463398963, 649947.5 ], [ 2173547.5, 649947.761571746086702 ], [ 2173542.5, 649952.380445225164294 ], [ 2173542.436441780533642, 649952.5 ], [ 2173537.5, 649957.359719534870237 ], [ 2173537.344000886194408, 649957.5 ], [ 2173532.5, 649959.799981154850684 ], [ 2173527.5, 649961.371228903066367 ], [ 2173524.166704243049026, 649962.5 ], [ 2173522.5, 649963.239388090092689 ], [ 2173517.5, 649966.323355797678232 ], [ 2173515.508837302681059, 649967.5 ], [ 2173512.5, 649969.294478990021162 ], [ 2173507.5, 649970.536003988934681 ], [ 2173502.5, 649970.846785375731997 ], [ 2173497.5, 649970.875813462189399 ], [ 2173492.5, 649971.01201104640495 ], [ 2173487.5, 649971.117868399829604 ], [ 2173482.5, 649970.71266727661714 ], [ 2173477.5, 649969.253098109504208 ], [ 2173474.868047891650349, 649967.5 ], [ 2173472.5, 649965.297350440057926 ], [ 2173470.611095269676298, 649962.5 ], [ 2173468.089943328406662, 649957.5 ], [ 2173467.5, 649956.478276752633974 ], [ 2173464.399177259299904, 649952.5 ], [ 2173462.5, 649950.854211429017596 ], [ 2173457.5, 649948.385769226471893 ], [ 2173455.362556027714163, 649947.5 ], [ 2173452.5, 649946.277925270260312 ], [ 2173447.5, 649943.252768377307802 ], [ 2173446.52671041386202, 649942.5 ], [ 2173442.681087670847774, 649937.5 ], [ 2173442.5, 649937.145003014826216 ], [ 2173440.393227119930089, 649932.5 ], [ 2173438.73253979999572, 649927.5 ], [ 2173437.5, 649924.089467397890985 ], [ 2173436.889277013018727, 649922.5 ], [ 2173435.037489080335945, 649917.5 ], [ 2173434.090898903086782, 649912.5 ], [ 2173434.52078301133588, 649907.5 ], [ 2173437.5, 649902.628781284322031 ], [ 2173437.752084891777486, 649902.5 ], [ 2173442.5, 649901.077861140482128 ], [ 2173447.5, 649901.953781947726384 ], [ 2173448.666984800249338, 649902.5 ], [ 2173452.5, 649904.077287027495913 ], [ 2173457.5, 649906.176116944872774 ], [ 2173460.822860756888986, 649907.5 ], [ 2173462.5, 649908.158624847768806 ], [ 2173467.5, 649910.524938737857156 ], [ 2173472.403107199817896, 649912.5 ], [ 2173472.5, 649912.543749917298555 ], [ 2173472.578923977911472, 649912.5 ], [ 2173477.5, 649908.868620684021153 ], [ 2173478.223104443401098, 649907.5 ], [ 2173482.17843982251361, 649902.5 ], [ 2173482.5, 649902.212940073921345 ], [ 2173487.5, 649898.677641334012151 ], [ 2173490.284726570826024, 649897.5 ], [ 2173492.5, 649896.395475170575082 ], [ 2173497.5, 649894.097177963587455 ], [ 2173499.486251061782241, 649892.5 ], [ 2173502.141307862009853, 649887.5 ], [ 2173502.5, 649886.683332190499641 ], [ 2173503.9870560830459, 649882.5 ], [ 2173506.092240610625595, 649877.5 ], [ 2173505.748188755940646, 649872.5 ], [ 2173502.5, 649870.595688130240887 ], [ 2173498.035459227394313, 649867.5 ], [ 2173497.5, 649867.239813191932626 ], [ 2173492.5, 649863.687176878913306 ], [ 2173491.117128575686365, 649862.5 ], [ 2173487.5, 649859.035888599813916 ], [ 2173484.482860018033534, 649857.5 ], [ 2173482.5, 649856.072780663031153 ], [ 2173477.552981700282544, 649857.5 ], [ 2173477.5, 649857.510690159746446 ], [ 2173472.5, 649858.087429641280323 ], [ 2173470.821683921851218, 649857.5 ], [ 2173467.5, 649855.310336123569869 ], [ 2173465.964243023190647, 649852.5 ], [ 2173465.952309689950198, 649847.5 ], [ 2173467.5, 649844.933416411746293 ], [ 2173470.705717261880636, 649842.5 ], [ 2173472.5, 649841.799748721765354 ], [ 2173477.5, 649841.451336695929058 ], [ 2173482.5, 649841.287541176192462 ], [ 2173487.5, 649838.351468787994236 ], [ 2173488.596311658620834, 649837.5 ], [ 2173492.5, 649835.176327480119653 ], [ 2173497.5, 649834.333915209863335 ], [ 2173502.5, 649835.625483048032038 ], [ 2173505.140338220633566, 649837.5 ], [ 2173507.5, 649839.522901852265932 ], [ 2173509.654786825180054, 649842.5 ], [ 2173512.13035154948011, 649847.5 ], [ 2173512.5, 649848.495868345838971 ], [ 2173514.359104954637587, 649852.5 ], [ 2173515.6066062906757, 649857.5 ], [ 2173516.342450185678899, 649862.5 ], [ 2173517.5, 649865.23337685095612 ], [ 2173520.746159803122282, 649867.5 ], [ 2173522.5, 649867.958597037708387 ], [ 2173527.5, 649869.491701503866352 ], [ 2173532.5, 649871.362737317220308 ], [ 2173537.5, 649872.002459744689986 ], [ 2173542.5, 649871.035071102320217 ], [ 2173547.5, 649869.553894152981229 ], [ 2173550.428782318718731, 649867.5 ], [ 2173552.5, 649863.917572096223012 ], [ 2173552.815690457820892, 649862.5 ], [ 2173552.722756319213659, 649857.5 ], [ 2173552.5, 649855.836543632787652 ], [ 2173551.735701518133283, 649852.5 ], [ 2173549.768012492451817, 649847.5 ], [ 2173547.5, 649844.808265848085284 ], [ 2173543.459623144473881, 649842.5 ], [ 2173542.5, 649842.145041791955009 ], [ 2173537.5, 649840.269121252582408 ], [ 2173532.874764375854284, 649837.5 ], [ 2173532.5, 649837.192943542264402 ], [ 2173527.999326364137232, 649832.5 ], [ 2173527.5, 649831.194462749292143 ], [ 2173526.091538719832897, 649827.5 ], [ 2173526.682100957259536, 649822.5 ], [ 2173527.5, 649821.084796887938865 ], [ 2173529.34021534724161, 649817.5 ], [ 2173532.5, 649814.150176240829751 ], [ 2173534.240954690147191, 649812.5 ], [ 2173537.5, 649810.304787284345366 ], [ 2173542.5, 649808.315494213020429 ], [ 2173547.5, 649807.635769865824841 ], [ 2173548.529585673008114, 649807.5 ], [ 2173552.5, 649806.564250123919919 ], [ 2173555.888427157420665, 649802.5 ], [ 2173557.5, 649798.210579618928023 ], [ 2173557.679627428762615, 649797.5 ], [ 2173558.515167207457125, 649792.5 ], [ 2173559.303541720379144, 649787.5 ], [ 2173560.329515785910189, 649782.5 ], [ 2173561.735570832155645, 649777.5 ], [ 2173562.5, 649774.897829680819996 ], [ 2173563.071259301155806, 649772.5 ], [ 2173563.881712309550494, 649767.5 ], [ 2173564.153894676361233, 649762.5 ], [ 2173563.92222297610715, 649757.5 ], [ 2173563.48257357114926, 649752.5 ], [ 2173563.073139038868248, 649747.5 ], [ 2173562.802366917021573, 649742.5 ], [ 2173562.687198421917856, 649737.5 ], [ 2173562.704091919586062, 649732.5 ], [ 2173562.763469030614942, 649727.5 ], [ 2173562.712081257253885, 649722.5 ], [ 2173562.5, 649718.184784151497297 ], [ 2173562.412436978891492, 649717.5 ], [ 2173561.270227715373039, 649712.5 ], [ 2173559.962703181896359, 649707.5 ], [ 2173558.920288916211575, 649702.5 ], [ 2173557.959465428255498, 649697.5 ], [ 2173557.5, 649696.148614207748324 ], [ 2173555.629593399353325, 649692.5 ], [ 2173552.5, 649689.137200443539768 ], [ 2173549.07536122109741, 649687.5 ], [ 2173547.5, 649686.999192647752352 ], [ 2173542.5, 649687.263609808636829 ], [ 2173542.221563309896737, 649687.5 ], [ 2173540.14914479246363, 649692.5 ], [ 2173539.452003923710436, 649697.5 ], [ 2173538.991721198428422, 649702.5 ], [ 2173539.112982742488384, 649707.5 ], [ 2173540.017421165946871, 649712.5 ], [ 2173541.095172731671482, 649717.5 ], [ 2173541.351810292806476, 649722.5 ], [ 2173538.54627324314788, 649727.5 ], [ 2173537.5, 649728.271688301931135 ], [ 2173532.5, 649731.285014938446693 ], [ 2173530.259265606291592, 649732.5 ], [ 2173527.5, 649734.165802308707498 ], [ 2173522.876571975648403, 649737.5 ], [ 2173522.5, 649737.885777397197671 ], [ 2173517.5, 649741.598281068261713 ], [ 2173515.013152215629816, 649742.5 ], [ 2173512.5, 649743.684802572708577 ], [ 2173507.5, 649745.280032840091735 ], [ 2173502.5, 649746.518465043976903 ], [ 2173497.5, 649747.015950249391608 ], [ 2173492.5, 649743.955475059803575 ], [ 2173491.474158281460404, 649742.5 ], [ 2173487.5, 649738.852274871082045 ], [ 2173486.03941890085116, 649737.5 ], [ 2173482.5, 649734.810159037006088 ], [ 2173477.5, 649732.598073534201831 ], [ 2173476.944432730320841, 649732.5 ], [ 2173472.5, 649731.867082099197432 ], [ 2173467.5, 649731.643482265644707 ], [ 2173462.5, 649731.002787908772007 ], [ 2173457.5, 649729.399349052691832 ], [ 2173453.995146746281534, 649727.5 ], [ 2173452.5, 649726.177867326769046 ], [ 2173449.598322052042931, 649722.5 ], [ 2173448.166211761068553, 649717.5 ], [ 2173447.5, 649713.033535521128215 ], [ 2173447.414024562574923, 649712.5 ], [ 2173446.314947717823088, 649707.5 ], [ 2173444.387465794105083, 649702.5 ], [ 2173442.5, 649699.181924124830402 ], [ 2173441.326876310165972, 649697.5 ], [ 2173437.683554716873914, 649692.5 ], [ 2173437.5, 649692.251437008264475 ], [ 2173434.028196317143738, 649687.5 ], [ 2173432.5, 649685.323547574225813 ], [ 2173430.593991480767727, 649682.5 ], [ 2173427.5, 649677.555566776776686 ], [ 2173427.464931842405349, 649677.5 ], [ 2173424.209137510042638, 649672.5 ], [ 2173422.5, 649669.734488035552204 ], [ 2173421.015963771846145, 649667.5 ], [ 2173417.641240732278675, 649662.5 ], [ 2173417.5, 649662.30740670231171 ], [ 2173412.945139906834811, 649657.5 ], [ 2173412.5, 649657.049728698912077 ], [ 2173407.5, 649653.331677247886546 ], [ 2173405.76222235802561, 649652.5 ], [ 2173402.5, 649650.382833078852855 ], [ 2173398.13040917320177, 649647.5 ], [ 2173397.5, 649646.676763624418527 ], [ 2173394.941049091983587, 649642.5 ], [ 2173392.916397647932172, 649637.5 ], [ 2173392.5, 649636.750934349256568 ], [ 2173389.617701526265591, 649632.5 ], [ 2173387.5, 649630.163532702019438 ], [ 2173384.958379140589386, 649627.5 ], [ 2173382.5, 649624.65694358991459 ], [ 2173381.071344921831042, 649622.5 ], [ 2173378.946125822141767, 649617.5 ], [ 2173377.821147279348224, 649612.5 ], [ 2173377.5, 649610.618836014415137 ], [ 2173376.963051135651767, 649607.5 ], [ 2173375.737594238482416, 649602.5 ], [ 2173374.026613705325872, 649597.5 ], [ 2173372.5, 649593.313779257936403 ], [ 2173372.187842773739249, 649592.5 ], [ 2173370.558685553725809, 649587.5 ], [ 2173369.432892389129847, 649582.5 ], [ 2173368.829761231783777, 649577.5 ], [ 2173368.662695805542171, 649572.5 ], [ 2173368.522947385441512, 649567.5 ], [ 2173367.759840641636401, 649562.5 ], [ 2173367.5, 649561.683286353130825 ], [ 2173366.034550468903035, 649557.5 ], [ 2173363.682938503101468, 649552.5 ], [ 2173362.5, 649550.149875537841581 ], [ 2173361.035631804261357, 649547.5 ], [ 2173358.943011115305126, 649542.5 ], [ 2173357.633656269870698, 649537.5 ], [ 2173357.5, 649536.929047485580668 ], [ 2173356.377599386963993, 649532.5 ], [ 2173354.786718883085996, 649527.5 ], [ 2173352.5, 649522.922059774165973 ], [ 2173352.230344193987548, 649522.5 ], [ 2173347.79494377411902, 649517.5 ], [ 2173347.5, 649517.22776557947509 ], [ 2173342.5, 649512.723962297430262 ], [ 2173342.269600918982178, 649512.5 ], [ 2173337.5, 649507.772925534518436 ], [ 2173337.249409967567772, 649507.5 ], [ 2173332.935464587528259, 649502.5 ], [ 2173332.5, 649501.911643896251917 ], [ 2173329.759287944994867, 649497.5 ], [ 2173328.083370310720056, 649492.5 ], [ 2173327.5, 649488.637233145185746 ], [ 2173327.320026102010161, 649487.5 ], [ 2173326.904501101467758, 649482.5 ], [ 2173326.368044084403664, 649477.5 ], [ 2173325.090940034948289, 649472.5 ], [ 2173322.99085167562589, 649467.5 ], [ 2173322.5, 649466.391665800590999 ], [ 2173320.823639249894768, 649462.5 ], [ 2173319.389652353245765, 649457.5 ], [ 2173318.862382768653333, 649452.5 ], [ 2173319.102693017572165, 649447.5 ], [ 2173319.851794695015997, 649442.5 ], [ 2173321.100062968675047, 649437.5 ], [ 2173322.5, 649434.095526061719283 ], [ 2173323.581830357201397, 649432.5 ], [ 2173327.5, 649428.877921964158304 ], [ 2173332.5, 649428.298097979277372 ], [ 2173337.5, 649429.707270781043917 ], [ 2173342.5, 649432.24905018566642 ], [ 2173342.911634349729866, 649432.5 ], [ 2173347.5, 649434.882112999795936 ], [ 2173351.747383043169975, 649437.5 ], [ 2173352.5, 649437.89459738903679 ], [ 2173357.5, 649440.73836350964848 ], [ 2173360.296328616794199, 649442.5 ], [ 2173362.5, 649443.708817203296348 ], [ 2173367.5, 649446.289662958704866 ], [ 2173370.135449578985572, 649447.5 ], [ 2173372.5, 649448.452959029353224 ], [ 2173377.5, 649449.943473345367238 ], [ 2173382.5, 649451.222422683029436 ], [ 2173385.681027962826192, 649452.5 ], [ 2173387.5, 649453.144737417111173 ], [ 2173392.5, 649456.314729329198599 ], [ 2173393.756027941592038, 649457.5 ], [ 2173397.5, 649461.776684196665883 ], [ 2173398.030214014928788, 649462.5 ], [ 2173401.009971832390875, 649467.5 ], [ 2173402.5, 649470.205070483731106 ], [ 2173404.227153162937611, 649472.5 ], [ 2173407.5, 649475.918083337135613 ], [ 2173409.747796240262687, 649477.5 ], [ 2173412.5, 649479.290785745135508 ], [ 2173416.659457164816558, 649482.5 ], [ 2173417.5, 649483.299321352038532 ], [ 2173420.977886121720076, 649487.5 ], [ 2173422.5, 649489.636911168694496 ], [ 2173424.465582871809602, 649492.5 ], [ 2173427.5, 649497.303082676953636 ], [ 2173427.611779844388366, 649497.5 ], [ 2173430.388916925992817, 649502.5 ], [ 2173432.5, 649506.273946097819135 ], [ 2173433.217225758824497, 649507.5 ], [ 2173436.271156480070204, 649512.5 ], [ 2173437.5, 649514.514551786473021 ], [ 2173439.580177972093225, 649517.5 ], [ 2173442.5, 649522.214505288866349 ], [ 2173442.729359483812004, 649522.5 ], [ 2173446.550307806581259, 649527.5 ], [ 2173447.5, 649528.847763460595161 ], [ 2173452.5, 649532.277312248828821 ], [ 2173455.289065523073077, 649532.5 ], [ 2173457.5, 649532.93990082538221 ], [ 2173458.40532414522022, 649532.5 ], [ 2173462.5, 649530.941729806130752 ], [ 2173467.5, 649532.006199077353813 ], [ 2173467.777432591188699, 649532.5 ], [ 2173467.5, 649534.089379352401011 ], [ 2173466.444915113970637, 649537.5 ], [ 2173462.5, 649540.993444793974049 ], [ 2173461.10047255223617, 649542.5 ], [ 2173457.5, 649545.140138317947276 ], [ 2173455.97362651489675, 649547.5 ], [ 2173453.315588462632149, 649552.5 ], [ 2173453.556691930163652, 649557.5 ], [ 2173456.690730162430555, 649562.5 ], [ 2173457.5, 649563.286682338919491 ], [ 2173462.5, 649566.437095351633616 ], [ 2173464.214429331477731, 649567.5 ], [ 2173467.5, 649569.567334541119635 ], [ 2173471.526806991547346, 649572.5 ], [ 2173472.5, 649573.573047208134085 ], [ 2173477.5, 649576.764313416089863 ], [ 2173482.5, 649577.034684900310822 ], [ 2173487.5, 649575.417841424699873 ], [ 2173492.5, 649572.772442463319749 ], [ 2173492.791035678703338, 649572.5 ], [ 2173497.5, 649570.423878422472626 ], [ 2173501.044260574970394, 649567.5 ], [ 2173502.5, 649565.765173670602962 ], [ 2173503.801788335200399, 649562.5 ], [ 2173503.002601938322186, 649557.5 ], [ 2173502.5, 649556.824021035456099 ], [ 2173497.982442821376026, 649552.5 ], [ 2173497.5, 649552.135443130275235 ], [ 2173492.5, 649549.665993249160238 ], [ 2173488.406568486243486, 649547.5 ], [ 2173487.5, 649545.975872870418243 ], [ 2173485.923373087309301, 649542.5 ], [ 2173487.5, 649539.527405517990701 ], [ 2173488.350000960286707, 649537.5 ], [ 2173492.5, 649534.084163424442522 ], [ 2173494.00665428256616, 649532.5 ], [ 2173497.5, 649530.02414576720912 ], [ 2173500.566483185160905, 649527.5 ], [ 2173502.5, 649526.060369568062015 ], [ 2173506.322898743674159, 649522.5 ], [ 2173507.5, 649521.321293983026408 ], [ 2173510.843399039469659, 649517.5 ], [ 2173512.5, 649514.747465072432533 ], [ 2173514.106936806347221, 649512.5 ], [ 2173516.042547079268843, 649507.5 ], [ 2173517.5, 649503.009270317619666 ], [ 2173517.983224363531917, 649502.5 ], [ 2173522.5, 649500.022944107186049 ], [ 2173527.394050552509725, 649502.5 ], [ 2173527.5, 649502.564635484130122 ], [ 2173532.061394814401865, 649507.5 ], [ 2173532.5, 649508.12361190887168 ], [ 2173533.689114113803953, 649507.5 ], [ 2173537.5, 649504.896280309534632 ], [ 2173537.886298676487058, 649502.5 ], [ 2173538.344337276183069, 649497.5 ], [ 2173538.496645367704332, 649492.5 ], [ 2173538.498515417799354, 649487.5 ], [ 2173538.490153982769698, 649482.5 ], [ 2173538.725589772220701, 649477.5 ], [ 2173539.738101805560291, 649472.5 ], [ 2173541.428460794501007, 649467.5 ], [ 2173542.253373543731868, 649462.5 ], [ 2173542.130294125061482, 649457.5 ], [ 2173542.5, 649454.707352948607877 ], [ 2173542.732533120550215, 649452.5 ], [ 2173544.27946869423613, 649447.5 ], [ 2173546.494872863404453, 649442.5 ], [ 2173547.5, 649440.387509357300587 ], [ 2173548.355812127701938, 649437.5 ], [ 2173549.17544728750363, 649432.5 ], [ 2173548.959222467150539, 649427.5 ], [ 2173547.81802789401263, 649422.5 ], [ 2173547.5, 649421.55621403362602 ], [ 2173545.612522937357426, 649417.5 ], [ 2173543.605071854777634, 649412.5 ], [ 2173542.5, 649408.964858118444681 ], [ 2173541.870147966314107, 649407.5 ], [ 2173540.562279214616865, 649402.5 ], [ 2173539.799756275955588, 649397.5 ], [ 2173538.924847987480462, 649392.5 ], [ 2173537.774718856438994, 649387.5 ], [ 2173537.5, 649386.375844084075652 ], [ 2173536.241858180612326, 649382.5 ], [ 2173535.011240541003644, 649377.5 ], [ 2173534.111490473151207, 649372.5 ], [ 2173533.277576538734138, 649367.5 ], [ 2173532.5, 649363.842904808465391 ], [ 2173532.113251863513142, 649362.5 ], [ 2173530.497140830382705, 649357.5 ], [ 2173529.061343342065811, 649352.5 ], [ 2173527.603599758818746, 649347.5 ], [ 2173527.5, 649347.205190815613605 ], [ 2173525.269249458331615, 649342.5 ], [ 2173522.597715992480516, 649337.5 ], [ 2173522.5, 649337.369369579013437 ], [ 2173517.5, 649332.841386590502225 ], [ 2173516.862952296622097, 649332.5 ], [ 2173512.5, 649330.900675634969957 ], [ 2173507.5, 649329.648624651832506 ], [ 2173502.508811993990093, 649327.5 ], [ 2173502.5, 649327.496801424771547 ], [ 2173497.5, 649324.990458275307901 ], [ 2173493.246809454634786, 649322.5 ], [ 2173492.5, 649322.158895129221492 ], [ 2173487.5, 649320.104005463188514 ], [ 2173482.5, 649317.70260123629123 ], [ 2173482.109347769524902, 649317.5 ], [ 2173477.5, 649315.687064310885035 ], [ 2173472.5, 649313.836503782542422 ], [ 2173468.455786895938218, 649312.5 ], [ 2173467.5, 649312.25693277886603 ], [ 2173462.5, 649310.942110121366568 ], [ 2173457.5, 649309.342604877543636 ], [ 2173452.5, 649307.659821405541152 ], [ 2173452.00434018811211, 649307.5 ], [ 2173447.5, 649306.429676856962033 ], [ 2173442.5, 649304.790067839901894 ], [ 2173438.219606359489262, 649302.5 ], [ 2173437.5, 649302.152607772964984 ], [ 2173432.5, 649299.315433013834991 ], [ 2173429.74884720845148, 649297.5 ], [ 2173427.5, 649296.293036501039751 ], [ 2173422.5, 649294.037961554480717 ], [ 2173418.758475339971483, 649292.5 ], [ 2173417.5, 649292.076305394875817 ], [ 2173412.5, 649290.095952142030001 ], [ 2173408.455762887373567, 649287.5 ], [ 2173407.5, 649286.951719233533368 ], [ 2173402.5, 649284.260655132704414 ], [ 2173398.463704046327621, 649282.5 ], [ 2173397.5, 649282.188077080878429 ] ], [ [ 2173443.250947672873735, 649812.5 ], [ 2173447.5, 649814.897246908978559 ], [ 2173449.516603452619165, 649817.5 ], [ 2173450.495800913777202, 649822.5 ], [ 2173448.198246655985713, 649827.5 ], [ 2173447.5, 649828.090477569377981 ], [ 2173442.5, 649830.905446219141595 ], [ 2173437.5, 649832.485290934564546 ], [ 2173436.901631277985871, 649832.5 ], [ 2173432.5, 649832.622400929336436 ], [ 2173432.18504803488031, 649832.5 ], [ 2173427.68658102909103, 649827.5 ], [ 2173428.261651911307126, 649822.5 ], [ 2173430.766849992796779, 649817.5 ], [ 2173432.5, 649815.498862793552689 ], [ 2173437.383788897190243, 649812.5 ], [ 2173437.5, 649812.444020835333504 ], [ 2173442.5, 649812.221742268768139 ], [ 2173443.250947672873735, 649812.5 ] ], [ [ 2173497.696446542628109, 649757.5 ], [ 2173501.762932749930769, 649762.5 ], [ 2173502.5, 649763.080754303373396 ], [ 2173506.624895661137998, 649767.5 ], [ 2173507.5, 649768.183227220317349 ], [ 2173512.129235016647726, 649772.5 ], [ 2173512.5, 649772.847935211495496 ], [ 2173516.10272019635886, 649777.5 ], [ 2173517.5, 649780.620424209628254 ], [ 2173518.285833408124745, 649782.5 ], [ 2173518.809538347180933, 649787.5 ], [ 2173517.503014832735062, 649792.5 ], [ 2173517.5, 649792.505309378379025 ], [ 2173514.525760435499251, 649797.5 ], [ 2173512.5, 649799.417601440101862 ], [ 2173507.5, 649802.346710976911709 ], [ 2173506.724777474068105, 649802.5 ], [ 2173502.5, 649803.480107857612893 ], [ 2173497.5, 649802.852247992996126 ], [ 2173496.654546180274338, 649802.5 ], [ 2173492.5, 649800.99724875902757 ], [ 2173487.5, 649797.665843601338565 ], [ 2173487.280401330441236, 649797.5 ], [ 2173482.5, 649792.688000296941027 ], [ 2173482.333615670911968, 649792.5 ], [ 2173479.67403397988528, 649787.5 ], [ 2173478.995466749183834, 649782.5 ], [ 2173479.511916759889573, 649777.5 ], [ 2173481.003210701979697, 649772.5 ], [ 2173482.5, 649769.471525319619104 ], [ 2173483.748860623687506, 649767.5 ], [ 2173487.5, 649762.82422133628279 ], [ 2173487.973929336294532, 649762.5 ], [ 2173492.5, 649758.163153154659085 ], [ 2173496.738001266494393, 649757.5 ], [ 2173497.5, 649757.133384793298319 ], [ 2173497.696446542628109, 649757.5 ] ], [ [ 2173502.5, 649583.99399340886157 ], [ 2173497.5, 649582.949050395283848 ], [ 2173492.5, 649583.638582410174422 ], [ 2173487.5, 649587.197098140721209 ], [ 2173487.234863604884595, 649587.5 ], [ 2173482.5, 649591.911025644396432 ], [ 2173481.934168697800487, 649592.5 ], [ 2173478.164958334062248, 649597.5 ], [ 2173478.279041239526123, 649602.5 ], [ 2173480.019181102514267, 649607.5 ], [ 2173481.726030385121703, 649612.5 ], [ 2173482.5, 649615.244968009297736 ], [ 2173483.120433851610869, 649617.5 ], [ 2173484.181557823903859, 649622.5 ], [ 2173484.622150924056768, 649627.5 ], [ 2173484.686572616919875, 649632.5 ], [ 2173485.115580769721419, 649637.5 ], [ 2173486.210079016629606, 649642.5 ], [ 2173487.389034628402442, 649647.5 ], [ 2173487.5, 649648.299646996660158 ], [ 2173488.673306460492313, 649652.5 ], [ 2173488.633583668153733, 649657.5 ], [ 2173487.628180654719472, 649662.5 ], [ 2173487.5, 649663.078296079300344 ], [ 2173487.061434902250767, 649667.5 ], [ 2173487.009937869384885, 649672.5 ], [ 2173487.5, 649675.000106315826997 ], [ 2173489.710807654540986, 649677.5 ], [ 2173492.5, 649678.414456054801121 ], [ 2173493.928299245424569, 649677.5 ], [ 2173497.5, 649674.548724617925473 ], [ 2173499.068442175164819, 649672.5 ], [ 2173500.924658672884107, 649667.5 ], [ 2173501.152537540066987, 649662.5 ], [ 2173500.782371767330915, 649657.5 ], [ 2173500.937214232981205, 649652.5 ], [ 2173502.5, 649648.088019330985844 ], [ 2173502.608247277792543, 649647.5 ], [ 2173505.122565028723329, 649642.5 ], [ 2173507.5, 649640.08869381796103 ], [ 2173510.44984188536182, 649637.5 ], [ 2173512.5, 649635.765000827959739 ], [ 2173517.5, 649633.112733365152963 ], [ 2173520.385515429545194, 649632.5 ], [ 2173519.123161115217954, 649627.5 ], [ 2173517.5, 649626.176998737035319 ], [ 2173515.489033977501094, 649622.5 ], [ 2173512.957323346287012, 649617.5 ], [ 2173512.5, 649616.328423379804008 ], [ 2173510.941643494181335, 649612.5 ], [ 2173509.703017755877227, 649607.5 ], [ 2173509.366110318806022, 649602.5 ], [ 2173509.543811497744173, 649597.5 ], [ 2173508.998796366620809, 649592.5 ], [ 2173507.5, 649588.814840406412259 ], [ 2173506.259853416122496, 649587.5 ], [ 2173502.5, 649583.99399340886157 ] ], [ [ 2173542.5, 649626.029557408299297 ], [ 2173538.753074476961046, 649627.5 ], [ 2173537.5, 649627.864868458244018 ], [ 2173532.5, 649630.11707864550408 ], [ 2173527.5, 649632.250607639551163 ], [ 2173526.18901764601469, 649632.5 ], [ 2173527.5, 649632.923835462424904 ], [ 2173530.175708686001599, 649637.5 ], [ 2173532.5, 649640.752287037321366 ], [ 2173533.670816690195352, 649642.5 ], [ 2173535.96217184048146, 649647.5 ], [ 2173537.5, 649652.486754142912105 ], [ 2173537.576757832430303, 649652.5 ], [ 2173542.5, 649652.81474663678091 ], [ 2173543.112393940798938, 649652.5 ], [ 2173547.5, 649647.599860783084296 ], [ 2173547.541339371819049, 649647.5 ], [ 2173548.040433512534946, 649642.5 ], [ 2173548.001212728675455, 649637.5 ], [ 2173547.734424067661166, 649632.5 ], [ 2173547.5, 649629.257950965780765 ], [ 2173546.692877424415201, 649627.5 ], [ 2173542.5, 649626.029557408299297 ] ] ] } },
{ "type": "Feature", "properties": { "fid": 3, "time": "2019-01-01", "year": 2019 }, "geometry": { "type": "MultiLineString", "coordinates": [ [ [ 2173382.5, 649282.283162333886139 ], [ 2173377.5, 649281.900163530255668 ], [ 2173372.5, 649281.833918876480311 ], [ 2173367.5, 649282.042707780841738 ], [ 2173362.5, 649282.125324667431414 ], [ 2173357.5, 649281.934065573965199 ], [ 2173352.5, 649281.529077266925015 ], [ 2173347.5, 649281.073755144141614 ], [ 2173342.5, 649280.858130745124072 ], [ 2173337.5, 649280.999858745955862 ], [ 2173332.5, 649281.400957745267078 ], [ 2173327.5, 649281.871271476964466 ], [ 2173322.5, 649282.159796414081939 ], [ 2173317.5, 649282.175298247952014 ], [ 2173312.5, 649281.986675828346051 ], [ 2173307.5, 649281.854737498098984 ], [ 2173302.5, 649282.253382130875252 ], [ 2173301.48729612166062, 649282.5 ], [ 2173297.5, 649283.708735103951767 ], [ 2173292.5, 649286.051382946781814 ], [ 2173290.180370272137225, 649287.5 ], [ 2173287.5, 649289.365641179843806 ], [ 2173283.554789475165308, 649292.5 ], [ 2173282.5, 649293.416589761269279 ], [ 2173278.260977759025991, 649297.5 ], [ 2173277.5, 649298.260192774818279 ], [ 2173273.535698606166989, 649302.5 ], [ 2173272.5, 649303.674237715429626 ], [ 2173269.442161844111979, 649307.5 ], [ 2173267.5, 649310.090074489591643 ], [ 2173265.926008242182434, 649312.5 ], [ 2173263.392952958587557, 649317.5 ], [ 2173262.5, 649319.652244010474533 ], [ 2173261.533391616307199, 649322.5 ], [ 2173259.604448036756366, 649327.5 ], [ 2173257.5, 649331.18068079079967 ], [ 2173256.752502564806491, 649332.5 ], [ 2173253.612818545196205, 649337.5 ], [ 2173252.5, 649339.111337064648978 ], [ 2173250.345773218199611, 649342.5 ], [ 2173247.5, 649346.497797197778709 ], [ 2173246.806999683845788, 649347.5 ], [ 2173243.765793977305293, 649352.5 ], [ 2173242.5, 649355.286725676152855 ], [ 2173241.738969057798386, 649357.5 ], [ 2173240.800713235978037, 649362.5 ], [ 2173240.0432188087143, 649367.5 ], [ 2173239.108638228848577, 649372.5 ], [ 2173237.907492635305971, 649377.5 ], [ 2173237.5, 649379.055754682980478 ], [ 2173236.751975189894438, 649382.5 ], [ 2173235.8430853523314, 649387.5 ], [ 2173235.161337876692414, 649392.5 ], [ 2173234.744421121198684, 649397.5 ], [ 2173234.691518507432193, 649402.5 ], [ 2173235.103607036173344, 649407.5 ], [ 2173235.895227918401361, 649412.5 ], [ 2173236.828507957980037, 649417.5 ], [ 2173237.5, 649421.098759337794036 ], [ 2173237.799930306617171, 649422.5 ], [ 2173238.760566050186753, 649427.5 ], [ 2173239.685724325012416, 649432.5 ], [ 2173240.775481529999524, 649437.5 ], [ 2173241.957589345984161, 649442.5 ], [ 2173242.5, 649445.08643304288853 ], [ 2173243.126548746600747, 649447.5 ], [ 2173244.178703961893916, 649452.5 ], [ 2173245.210107694379985, 649457.5 ], [ 2173246.45277607627213, 649462.5 ], [ 2173247.5, 649465.599963765591383 ], [ 2173248.272376357577741, 649467.5 ], [ 2173250.335442652460188, 649472.5 ], [ 2173251.93269373383373, 649477.5 ], [ 2173252.5, 649479.987159788724966 ], [ 2173253.192781767807901, 649482.5 ], [ 2173253.924025560263544, 649487.5 ], [ 2173254.37386804446578, 649492.5 ], [ 2173255.224271012470126, 649497.5 ], [ 2173256.737392843235284, 649502.5 ], [ 2173257.5, 649504.284738916321658 ], [ 2173258.964015489909798, 649507.5 ], [ 2173261.308780344668776, 649512.5 ], [ 2173262.5, 649515.131241395254619 ], [ 2173263.715303427074105, 649517.5 ], [ 2173265.925714834593236, 649522.5 ], [ 2173267.5, 649526.834359658067115 ], [ 2173267.779880210757256, 649527.5 ], [ 2173269.55311593413353, 649532.5 ], [ 2173271.087092533707619, 649537.5 ], [ 2173272.5, 649542.202645545708947 ], [ 2173272.613032239489257, 649542.5 ], [ 2173274.490610940381885, 649547.5 ], [ 2173276.057628098409623, 649552.5 ], [ 2173277.221461874898523, 649557.5 ], [ 2173277.5, 649559.20391718717292 ], [ 2173278.138542545028031, 649562.5 ], [ 2173278.76098329667002, 649567.5 ], [ 2173279.405314164701849, 649572.5 ], [ 2173280.53072151215747, 649577.5 ], [ 2173281.869312281254679, 649582.5 ], [ 2173282.5, 649585.410979408887215 ], [ 2173283.094805905595422, 649587.5 ], [ 2173284.097402199171484, 649592.5 ], [ 2173284.892868448980153, 649597.5 ], [ 2173285.625226760748774, 649602.5 ], [ 2173286.333241872023791, 649607.5 ], [ 2173287.075222323648632, 649612.5 ], [ 2173287.5, 649614.916843920596875 ], [ 2173288.091689081396908, 649617.5 ], [ 2173289.364972951821983, 649622.5 ], [ 2173290.66064813779667, 649627.5 ], [ 2173291.837927131447941, 649632.5 ], [ 2173292.5, 649636.276117946603335 ], [ 2173292.788676830939949, 649637.5 ], [ 2173293.497240167111158, 649642.5 ], [ 2173293.792237650603056, 649647.5 ], [ 2173294.017417621333152, 649652.5 ], [ 2173294.654041226953268, 649657.5 ], [ 2173296.138886352535337, 649662.5 ], [ 2173297.5, 649665.038298885221593 ], [ 2173299.636828839313239, 649667.5 ], [ 2173302.5, 649670.384453735779971 ], [ 2173304.626323643606156, 649672.5 ], [ 2173307.5, 649675.828501034877263 ], [ 2173308.748696303460747, 649677.5 ], [ 2173311.775875972118229, 649682.5 ], [ 2173312.5, 649683.943540654843673 ], [ 2173314.475202802103013, 649687.5 ], [ 2173316.640787760261446, 649692.5 ], [ 2173317.5, 649695.129908495000564 ], [ 2173318.336470967158675, 649697.5 ], [ 2173319.510001365095377, 649702.5 ], [ 2173320.241710305213928, 649707.5 ], [ 2173320.892242444679141, 649712.5 ], [ 2173321.934501124080271, 649717.5 ], [ 2173322.5, 649719.301321169943549 ], [ 2173323.871471913065761, 649722.5 ], [ 2173326.175492638722062, 649727.5 ], [ 2173327.5, 649730.64918447798118 ], [ 2173328.392720833886415, 649732.5 ], [ 2173330.232761203777045, 649737.5 ], [ 2173331.618657405488193, 649742.5 ], [ 2173332.5, 649745.846040611853823 ], [ 2173333.065391556825489, 649747.5 ], [ 2173334.7855464075692, 649752.5 ], [ 2173336.486529037822038, 649757.5 ], [ 2173337.5, 649760.421726531698368 ], [ 2173338.322076281066984, 649762.5 ], [ 2173340.03749778540805, 649767.5 ], [ 2173341.368005688302219, 649772.5 ], [ 2173342.381534809712321, 649777.5 ], [ 2173342.5, 649778.204277403187007 ], [ 2173343.439596843440086, 649782.5 ], [ 2173344.448620568495244, 649787.5 ], [ 2173345.515270906034857, 649792.5 ], [ 2173346.738429502118379, 649797.5 ], [ 2173347.5, 649800.29538063169457 ], [ 2173348.179360260255635, 649802.5 ], [ 2173349.680389191955328, 649807.5 ], [ 2173351.243408671114594, 649812.5 ], [ 2173352.5, 649815.728827433660626 ], [ 2173353.386541224084795, 649817.5 ], [ 2173356.320004602428526, 649822.5 ], [ 2173357.5, 649824.304351203609258 ], [ 2173359.612540523987263, 649827.5 ], [ 2173362.229054217692465, 649832.5 ], [ 2173362.5, 649833.078077146084979 ], [ 2173364.774399511981755, 649837.5 ], [ 2173366.873125731479377, 649842.5 ], [ 2173367.5, 649844.232075090752915 ], [ 2173368.847074631135911, 649847.5 ], [ 2173370.364282002206892, 649852.5 ], [ 2173371.530693886335939, 649857.5 ], [ 2173372.5, 649862.186457243864425 ], [ 2173372.587459874339402, 649862.5 ], [ 2173373.973099845461547, 649867.5 ], [ 2173375.61385846324265, 649872.5 ], [ 2173377.5, 649876.688324524089694 ], [ 2173377.931118225678802, 649877.5 ], [ 2173380.57128876959905, 649882.5 ], [ 2173382.446663883049041, 649887.5 ], [ 2173382.5, 649887.673745456733741 ], [ 2173384.172845701687038, 649892.5 ], [ 2173385.514964800793678, 649897.5 ], [ 2173386.735966906417161, 649902.5 ], [ 2173387.5, 649905.526062927907333 ], [ 2173388.195412156637758, 649907.5 ], [ 2173389.828143823426217, 649912.5 ], [ 2173391.132582590449601, 649917.5 ], [ 2173392.336235534865409, 649922.5 ], [ 2173392.5, 649923.011536508449353 ], [ 2173394.470901367254555, 649927.5 ], [ 2173396.881801135838032, 649932.5 ], [ 2173397.5, 649933.677482748986222 ], [ 2173399.654258924070746, 649937.5 ], [ 2173401.714147380087525, 649942.5 ], [ 2173402.5, 649945.386830507544801 ], [ 2173403.26349342148751, 649947.5 ], [ 2173404.595505071338266, 649952.5 ], [ 2173405.978900410234928, 649957.5 ], [ 2173407.5, 649961.771410767571069 ], [ 2173407.893478663172573, 649962.5 ], [ 2173410.865100534632802, 649967.5 ], [ 2173412.5, 649970.391158918384463 ], [ 2173413.936834180727601, 649972.5 ], [ 2173416.874824153259397, 649977.5 ], [ 2173417.5, 649978.633688938920386 ], [ 2173420.111845342908055, 649982.5 ], [ 2173422.5, 649986.585704873548821 ], [ 2173423.165837371256202, 649987.5 ], [ 2173426.897820741869509, 649992.5 ], [ 2173427.5, 649993.19049163593445 ], [ 2173432.048753224313259, 649997.5 ], [ 2173432.5, 649997.849368480732664 ], [ 2173437.5, 650001.085890133632347 ], [ 2173439.744873242918402, 650002.5 ], [ 2173442.5, 650003.850285383872688 ], [ 2173447.5, 650006.288587336312048 ], [ 2173449.811030070763081, 650007.5 ], [ 2173452.5, 650008.710989447543398 ], [ 2173457.5, 650011.313709060428664 ], [ 2173459.411950546316803, 650012.5 ], [ 2173462.5, 650014.069877768517472 ], [ 2173467.5, 650017.280951445456594 ], [ 2173467.792028133757412, 650017.5 ], [ 2173472.5, 650020.886907939333469 ], [ 2173474.261958048678935, 650022.5 ], [ 2173477.5, 650025.419991938164458 ], [ 2173479.759740287438035, 650027.5 ], [ 2173482.5, 650029.623389284592122 ], [ 2173486.38408843614161, 650032.5 ], [ 2173487.5, 650033.126983813475817 ], [ 2173492.5, 650035.687060277559794 ], [ 2173495.757502135355026, 650037.5 ], [ 2173497.5, 650038.284582805004902 ], [ 2173502.5, 650040.478667141520418 ], [ 2173506.827748158015311, 650042.5 ], [ 2173507.5, 650042.741655691177584 ], [ 2173512.5, 650044.465034024906345 ], [ 2173517.5, 650047.360489589627832 ], [ 2173517.673144029919058, 650047.5 ], [ 2173522.5, 650051.139253983157687 ], [ 2173523.975885787047446, 650052.5 ], [ 2173527.5, 650055.719026682316326 ], [ 2173529.331110312137753, 650057.5 ], [ 2173532.5, 650061.252640867605805 ], [ 2173533.579449195414782, 650062.5 ], [ 2173536.885826824232936, 650067.5 ], [ 2173537.5, 650068.683855652692728 ], [ 2173539.945215549785644, 650072.5 ], [ 2173541.913449568673968, 650077.5 ], [ 2173542.5, 650079.292120308382437 ], [ 2173543.862294602673501, 650082.5 ], [ 2173545.928572320379317, 650087.5 ], [ 2173547.5, 650091.36285283928737 ], [ 2173548.1726288292557, 650092.5 ], [ 2173550.77623904729262, 650097.5 ], [ 2173552.5, 650101.660827476880513 ], [ 2173552.990604613441974, 650102.5 ], [ 2173556.076477984897792, 650107.5 ], [ 2173557.5, 650109.621551467105746 ], [ 2173560.323266795370728, 650112.5 ], [ 2173562.5, 650114.501056662760675 ], [ 2173565.966519636567682, 650117.5 ], [ 2173567.5, 650118.687047810875811 ], [ 2173572.5, 650122.190255025518127 ], [ 2173573.133688248228282, 650122.5 ], [ 2173577.5, 650123.92818709067069 ], [ 2173582.5, 650124.353033981053159 ], [ 2173587.5, 650123.301596342003904 ], [ 2173589.24019484128803, 650122.5 ], [ 2173592.5, 650120.244482398382388 ], [ 2173596.2286865869537, 650117.5 ], [ 2173597.5, 650116.386030527530238 ], [ 2173602.5, 650112.601682208944112 ], [ 2173602.621112593915313, 650112.5 ], [ 2173607.5, 650107.768481350969523 ], [ 2173607.736926286946982, 650107.5 ], [ 2173611.165327087044716, 650102.5 ], [ 2173612.5, 650099.717362986877561 ], [ 2173613.133482405450195, 650097.5 ], [ 2173613.864928075578064, 650092.5 ], [ 2173614.002511590253562, 650087.5 ], [ 2173613.392044151667506, 650082.5 ], [ 2173612.5, 650079.431023175129667 ], [ 2173611.736786529887468, 650077.5 ], [ 2173608.931773858144879, 650072.5 ], [ 2173607.5, 650070.312679126276635 ], [ 2173605.346834916155785, 650067.5 ], [ 2173602.5, 650063.927072723745368 ], [ 2173601.191209776327014, 650062.5 ], [ 2173597.5, 650057.646723852143623 ], [ 2173597.375969032291323, 650057.5 ], [ 2173593.862730498425663, 650052.5 ], [ 2173592.5, 650049.690425910521299 ], [ 2173591.050774160772562, 650047.5 ], [ 2173588.99689727043733, 650042.5 ], [ 2173587.912770336959511, 650037.5 ], [ 2173587.5, 650035.178022268810309 ], [ 2173586.856489723548293, 650032.5 ], [ 2173585.692222586832941, 650027.5 ], [ 2173584.568689619656652, 650022.5 ], [ 2173583.31996870553121, 650017.5 ], [ 2173582.5, 650014.880299127544276 ], [ 2173581.205697794444859, 650012.5 ], [ 2173578.551447027362883, 650007.5 ], [ 2173577.5, 650005.524301010533236 ], [ 2173575.610945295076817, 650002.5 ], [ 2173573.202737764921039, 649997.5 ], [ 2173572.5, 649995.48166349704843 ], [ 2173571.092188681475818, 649992.5 ], [ 2173569.447504119947553, 649987.5 ], [ 2173568.213965747039765, 649982.5 ], [ 2173567.5, 649979.316747184377164 ], [ 2173566.901942824479192, 649977.5 ], [ 2173565.384820732288063, 649972.5 ], [ 2173564.166457023005933, 649967.5 ], [ 2173563.174766324460506, 649962.5 ], [ 2173562.5, 649958.849897936801426 ], [ 2173561.940907496027648, 649957.5 ], [ 2173559.779782757163048, 649952.5 ], [ 2173557.5, 649947.738198363920674 ], [ 2173557.15320982132107, 649947.5 ], [ 2173552.5, 649945.154195275274105 ], [ 2173547.5, 649945.995118400780484 ], [ 2173544.436811840627342, 649947.5 ], [ 2173542.5, 649949.196869453415275 ], [ 2173540.866135586984456, 649952.5 ], [ 2173537.515447131823748, 649957.5 ], [ 2173537.5, 649957.513483611517586 ], [ 2173532.5, 649960.940201209159568 ], [ 2173528.344089960213751, 649962.5 ], [ 2173527.5, 649962.806245550164022 ], [ 2173522.5, 649964.868771581794135 ], [ 2173517.734106707386672, 649967.5 ], [ 2173517.5, 649967.700492218369618 ], [ 2173512.5, 649971.594877858879045 ], [ 2173510.701513628009707, 649972.5 ], [ 2173507.5, 649973.923750966787338 ], [ 2173502.5, 649974.808267253334634 ], [ 2173497.5, 649974.88104598922655 ], [ 2173492.5, 649974.508586015785113 ], [ 2173487.5, 649973.74392828787677 ], [ 2173482.867680361028761, 649972.5 ], [ 2173482.5, 649972.42679990362376 ], [ 2173477.5, 649970.97375716723036 ], [ 2173472.5, 649968.433152328594588 ], [ 2173471.369790439493954, 649967.5 ], [ 2173467.5, 649963.45641586871352 ], [ 2173466.799860252533108, 649962.5 ], [ 2173463.013029145542532, 649957.5 ], [ 2173462.5, 649956.97047288925387 ], [ 2173457.5, 649953.218545291572809 ], [ 2173456.22453134553507, 649952.5 ], [ 2173452.5, 649950.791024912148714 ], [ 2173447.5, 649948.373863995890133 ], [ 2173446.084451859351248, 649947.5 ], [ 2173442.5, 649944.272125114919618 ], [ 2173441.053395811934024, 649942.5 ], [ 2173438.812145018018782, 649937.5 ], [ 2173437.5, 649933.584397035068832 ], [ 2173437.1097960351035, 649932.5 ], [ 2173435.087037045042962, 649927.5 ], [ 2173432.957465193700045, 649922.5 ], [ 2173432.5, 649921.437950366176665 ], [ 2173430.767398256808519, 649917.5 ], [ 2173429.509964724536985, 649912.5 ], [ 2173429.382535574957728, 649907.5 ], [ 2173430.970238049514592, 649902.5 ], [ 2173432.5, 649900.504480649135076 ], [ 2173437.5, 649898.57211260125041 ], [ 2173442.5, 649899.915008013369516 ], [ 2173446.795342024881393, 649902.5 ], [ 2173447.5, 649902.882399264839478 ], [ 2173452.5, 649906.105170782771893 ], [ 2173454.551722151227295, 649907.5 ], [ 2173457.5, 649909.275425885571167 ], [ 2173462.5, 649912.302575374953449 ], [ 2173463.134380064439029, 649912.5 ], [ 2173467.5, 649913.695270520518534 ], [ 2173470.211761699989438, 649912.5 ], [ 2173472.5, 649910.879042283399031 ], [ 2173474.193560444749892, 649907.5 ], [ 2173477.5, 649902.701656382880174 ], [ 2173477.651106825564057, 649902.5 ], [ 2173482.5, 649898.275432422873564 ], [ 2173484.373965376522392, 649897.5 ], [ 2173487.5, 649895.999472985393368 ], [ 2173492.5, 649893.802845299360342 ], [ 2173494.295892251655459, 649892.5 ], [ 2173497.5, 649887.612316879676655 ], [ 2173497.546006354503334, 649887.5 ], [ 2173499.503068110905588, 649882.5 ], [ 2173501.669430843088776, 649877.5 ], [ 2173499.701002019457519, 649872.5 ], [ 2173497.5, 649871.634946452220902 ], [ 2173492.5, 649868.981767936842516 ], [ 2173490.8937120991759, 649867.5 ], [ 2173487.5, 649864.130285368883051 ], [ 2173486.040969465859234, 649862.5 ], [ 2173482.508401713799685, 649857.5 ], [ 2173482.5, 649857.480252069886774 ], [ 2173477.5, 649852.567410471034236 ], [ 2173472.5, 649853.960514648002572 ], [ 2173467.5, 649856.990920325391926 ], [ 2173462.99928842484951, 649852.5 ], [ 2173463.699526793323457, 649847.5 ], [ 2173467.5, 649844.584147949353792 ], [ 2173472.5, 649845.832556821056642 ], [ 2173477.5, 649845.779694023891352 ], [ 2173479.606831469107419, 649842.5 ], [ 2173482.5, 649840.40356422890909 ], [ 2173485.582941612228751, 649837.5 ], [ 2173487.5, 649836.211027160054073 ], [ 2173492.5, 649834.325323303695768 ], [ 2173497.5, 649835.048442586907186 ], [ 2173500.765185379888862, 649837.5 ], [ 2173502.5, 649839.045152530656196 ], [ 2173505.281498343218118, 649842.5 ], [ 2173507.5, 649846.006898512714542 ], [ 2173508.615218757186085, 649847.5 ], [ 2173511.747546676080674, 649852.5 ], [ 2173512.5, 649854.539696159306914 ], [ 2173514.698168901726604, 649857.5 ], [ 2173517.5, 649862.347071320400573 ], [ 2173517.824900842271745, 649862.5 ], [ 2173522.5, 649864.434538960340433 ], [ 2173526.192211117129773, 649867.5 ], [ 2173527.5, 649868.154873248422518 ], [ 2173532.5, 649871.131871559307911 ], [ 2173537.5, 649871.912204723805189 ], [ 2173542.5, 649869.965702469577082 ], [ 2173544.911899788305163, 649867.5 ], [ 2173546.451641437597573, 649862.5 ], [ 2173545.898394323885441, 649857.5 ], [ 2173544.800837771501392, 649852.5 ], [ 2173543.193064609076828, 649847.5 ], [ 2173542.5, 649846.423907831078395 ], [ 2173537.5, 649844.144304198562168 ], [ 2173532.881746056023985, 649842.5 ], [ 2173532.5, 649842.392001909902319 ], [ 2173527.5, 649838.893170100986026 ], [ 2173526.236148725729436, 649837.5 ], [ 2173522.5, 649832.739016677835025 ], [ 2173522.292658696882427, 649832.5 ], [ 2173519.401389162521809, 649827.5 ], [ 2173519.311165211256593, 649822.5 ], [ 2173522.187885319814086, 649817.5 ], [ 2173522.5, 649817.194803304271773 ], [ 2173527.5, 649812.724034306942485 ], [ 2173527.819482477847487, 649812.5 ], [ 2173532.5, 649809.982475653872825 ], [ 2173537.5, 649808.613664518808946 ], [ 2173542.5, 649807.802548476611264 ], [ 2173544.015157495625317, 649807.5 ], [ 2173547.5, 649806.340012133587152 ], [ 2173551.182597532868385, 649802.5 ], [ 2173552.5, 649799.724507245584391 ], [ 2173553.010376775637269, 649797.5 ], [ 2173553.837320480961353, 649792.5 ], [ 2173554.60874255374074, 649787.5 ], [ 2173555.425198476295918, 649782.5 ], [ 2173556.268789852038026, 649777.5 ], [ 2173556.945547366514802, 649772.5 ], [ 2173557.333421153947711, 649767.5 ], [ 2173557.5, 649762.593117448850535 ], [ 2173557.50234448723495, 649762.5 ], [ 2173557.5, 649762.419498729053885 ], [ 2173557.282138475216925, 649757.5 ], [ 2173556.139097637031227, 649752.5 ], [ 2173553.475398174952716, 649747.5 ], [ 2173552.5, 649746.461650437326171 ], [ 2173547.5, 649743.083789048483595 ], [ 2173546.274038018193096, 649742.5 ], [ 2173542.5, 649740.66432281176094 ], [ 2173537.5, 649738.358700788696297 ], [ 2173535.503457774873823, 649737.5 ], [ 2173532.5, 649736.183335171313956 ], [ 2173527.5, 649735.444021084811538 ], [ 2173522.5, 649736.306277090567164 ], [ 2173519.217701956164092, 649737.5 ], [ 2173517.5, 649738.312257225275971 ], [ 2173512.5, 649740.931633812724613 ], [ 2173508.382179792039096, 649742.5 ], [ 2173507.5, 649742.942528694053181 ], [ 2173502.5, 649745.899573208997026 ], [ 2173500.163042277097702, 649747.5 ], [ 2173497.5, 649752.331726999604143 ], [ 2173497.332596441730857, 649752.5 ], [ 2173495.832317259628326, 649757.5 ], [ 2173497.263636223040521, 649762.5 ], [ 2173497.5, 649762.687070106505416 ], [ 2173501.022329333238304, 649767.5 ], [ 2173502.5, 649768.701241644565016 ], [ 2173506.904689207207412, 649772.5 ], [ 2173507.5, 649772.967120926245116 ], [ 2173512.005047792103142, 649777.5 ], [ 2173512.5, 649778.314037074800581 ], [ 2173514.78494033170864, 649782.5 ], [ 2173515.579189673997462, 649787.5 ], [ 2173514.856968169100583, 649792.5 ], [ 2173512.5, 649796.86829296790529 ], [ 2173512.13085775077343, 649797.5 ], [ 2173507.5, 649801.530716737150215 ], [ 2173505.033393291756511, 649802.5 ], [ 2173502.5, 649803.541527278255671 ], [ 2173497.5, 649804.281399725470692 ], [ 2173492.5, 649803.512942198431119 ], [ 2173490.380908850580454, 649802.5 ], [ 2173487.5, 649801.164475839468651 ], [ 2173482.521067907568067, 649797.5 ], [ 2173482.5, 649797.478121278458275 ], [ 2173478.063961563631892, 649792.5 ], [ 2173477.5, 649790.922072871122509 ], [ 2173476.233433302957565, 649787.5 ], [ 2173476.18453675461933, 649782.5 ], [ 2173477.202342222444713, 649777.5 ], [ 2173477.5, 649776.599509340943769 ], [ 2173478.747345439624041, 649772.5 ], [ 2173480.999402902554721, 649767.5 ], [ 2173482.5, 649764.469848947483115 ], [ 2173484.206306390929967, 649762.5 ], [ 2173486.592693339567631, 649757.5 ], [ 2173486.908188655972481, 649752.5 ], [ 2173485.701815209817141, 649747.5 ], [ 2173483.132437767460942, 649742.5 ], [ 2173482.5, 649741.67469988251105 ], [ 2173479.388198342174292, 649737.5 ], [ 2173477.5, 649735.959217850351706 ], [ 2173472.5, 649733.713985576177947 ], [ 2173467.5, 649732.751540532684885 ], [ 2173465.126189007423818, 649732.5 ], [ 2173462.5, 649732.236584817874245 ], [ 2173457.5, 649731.559341958723962 ], [ 2173452.5, 649729.822098054806702 ], [ 2173449.384397817309946, 649727.5 ], [ 2173447.5, 649724.504376063821837 ], [ 2173446.608685214538127, 649722.5 ], [ 2173445.891666934359819, 649717.5 ], [ 2173445.468048432376236, 649712.5 ], [ 2173444.629744599573314, 649707.5 ], [ 2173442.990244788583368, 649702.5 ], [ 2173442.5, 649701.552026568446308 ], [ 2173440.061678605154157, 649697.5 ], [ 2173437.5, 649693.837950258748606 ], [ 2173436.51157819153741, 649692.5 ], [ 2173433.045359659940004, 649687.5 ], [ 2173432.5, 649686.693070716690272 ], [ 2173429.649163518566638, 649682.5 ], [ 2173427.5, 649679.042956878896803 ], [ 2173426.467252710368484, 649677.5 ], [ 2173423.066921336110681, 649672.5 ], [ 2173422.5, 649671.671124814078212 ], [ 2173419.321677728090435, 649667.5 ], [ 2173417.5, 649664.66746334428899 ], [ 2173415.963980126660317, 649662.5 ], [ 2173412.803075111005455, 649657.5 ], [ 2173412.5, 649657.028094779700041 ], [ 2173408.647606811486185, 649652.5 ], [ 2173407.5, 649651.180399989360012 ], [ 2173403.903520173858851, 649647.5 ], [ 2173402.5, 649645.771574839716777 ], [ 2173400.05540406703949, 649642.5 ], [ 2173397.5, 649637.889954523765482 ], [ 2173397.25810211757198, 649637.5 ], [ 2173393.58816932188347, 649632.5 ], [ 2173392.5, 649631.121085949824192 ], [ 2173388.703200361225754, 649627.5 ], [ 2173387.5, 649626.246590177179314 ], [ 2173384.010989557486027, 649622.5 ], [ 2173382.5, 649620.187597580137663 ], [ 2173380.993755031377077, 649617.5 ], [ 2173379.363159603904933, 649612.5 ], [ 2173378.372445392888039, 649607.5 ], [ 2173377.5, 649603.642885372391902 ], [ 2173377.171473703347147, 649602.5 ], [ 2173375.083406585268676, 649597.5 ], [ 2173372.52371766930446, 649592.5 ], [ 2173372.5, 649592.458584886160679 ], [ 2173368.99057904118672, 649587.5 ], [ 2173367.5, 649584.358376818359829 ], [ 2173366.522141312714666, 649582.5 ], [ 2173364.988602004945278, 649577.5 ], [ 2173364.144259822554886, 649572.5 ], [ 2173363.367203052621335, 649567.5 ], [ 2173362.5, 649563.969439563690685 ], [ 2173361.98381125042215, 649562.5 ], [ 2173359.429622957017273, 649557.5 ], [ 2173357.5, 649554.143247907981277 ], [ 2173356.298532071523368, 649552.5 ], [ 2173353.260817164555192, 649547.5 ], [ 2173352.5, 649545.412105719209649 ], [ 2173351.255056950263679, 649542.5 ], [ 2173350.159630213398486, 649537.5 ], [ 2173349.269927364308387, 649532.5 ], [ 2173347.93794724624604, 649527.5 ], [ 2173347.5, 649526.598271652590483 ], [ 2173345.106083985883743, 649522.5 ], [ 2173342.5, 649519.286512318416499 ], [ 2173340.977455674670637, 649517.5 ], [ 2173337.5, 649513.827018454670906 ], [ 2173336.225298554636538, 649512.5 ], [ 2173332.5, 649508.666174454847351 ], [ 2173331.406456331256777, 649507.5 ], [ 2173327.577436079736799, 649502.5 ], [ 2173327.5, 649502.363000494544394 ], [ 2173324.860174357425421, 649497.5 ], [ 2173323.542263894807547, 649492.5 ], [ 2173323.025323712266982, 649487.5 ], [ 2173322.857114607933909, 649482.5 ], [ 2173322.572632197290659, 649477.5 ], [ 2173322.5, 649477.150841177557595 ], [ 2173321.380009996704757, 649472.5 ], [ 2173319.435968406032771, 649467.5 ], [ 2173317.703407406341285, 649462.5 ], [ 2173317.5, 649461.525955601595342 ], [ 2173316.546276991721243, 649457.5 ], [ 2173316.361068330705166, 649452.5 ], [ 2173317.072578120045364, 649447.5 ], [ 2173317.5, 649445.978241608245298 ], [ 2173318.438204202335328, 649442.5 ], [ 2173320.821930546313524, 649437.5 ], [ 2173322.5, 649435.278978222631849 ], [ 2173327.5, 649433.110055907745846 ], [ 2173332.5, 649434.00722645863425 ], [ 2173337.5, 649435.774906729464419 ], [ 2173341.286951153539121, 649437.5 ], [ 2173342.5, 649437.973552650073543 ], [ 2173347.5, 649440.418801748426631 ], [ 2173350.870315372478217, 649442.5 ], [ 2173352.5, 649443.332460828358307 ], [ 2173357.5, 649445.901023823069409 ], [ 2173360.577291833702475, 649447.5 ], [ 2173362.5, 649448.325171222444624 ], [ 2173367.5, 649450.158746092813089 ], [ 2173372.5, 649451.758797966176644 ], [ 2173375.238018873613328, 649452.5 ], [ 2173377.5, 649452.968607336864807 ], [ 2173382.5, 649454.182698185904883 ], [ 2173387.5, 649457.09852963744197 ], [ 2173387.901667308993638, 649457.5 ], [ 2173391.890603062696755, 649462.5 ], [ 2173392.5, 649463.711643861024641 ], [ 2173394.377667934633791, 649467.5 ], [ 2173396.342061253730208, 649472.5 ], [ 2173397.5, 649474.838117416831665 ], [ 2173400.197565521113575, 649477.5 ], [ 2173402.5, 649479.150977237382904 ], [ 2173407.5, 649481.589330352260731 ], [ 2173409.026401724666357, 649482.5 ], [ 2173412.5, 649484.970642714411952 ], [ 2173415.019655382726341, 649487.5 ], [ 2173417.5, 649490.444854964734986 ], [ 2173418.88217138312757, 649492.5 ], [ 2173422.076598823536187, 649497.5 ], [ 2173422.5, 649498.106717269285582 ], [ 2173425.488175433129072, 649502.5 ], [ 2173427.5, 649505.321031106985174 ], [ 2173429.12869295431301, 649507.5 ], [ 2173432.5, 649512.226225772174075 ], [ 2173432.709213599096984, 649512.5 ], [ 2173436.187655256129801, 649517.5 ], [ 2173437.5, 649519.919958120328374 ], [ 2173438.979533441830426, 649522.5 ], [ 2173441.065300868358463, 649527.5 ], [ 2173442.5, 649532.000314384815283 ], [ 2173442.701476872898638, 649532.5 ], [ 2173444.393700025044382, 649537.5 ], [ 2173445.628783693071455, 649542.5 ], [ 2173446.227221186738461, 649547.5 ], [ 2173446.420392200350761, 649552.5 ], [ 2173446.812170035671443, 649557.5 ], [ 2173447.5, 649561.4526927130064 ], [ 2173447.785231674090028, 649562.5 ], [ 2173449.77983324509114, 649567.5 ], [ 2173452.010379873216152, 649572.5 ], [ 2173452.5, 649573.559828263591044 ], [ 2173454.634409748949111, 649577.5 ], [ 2173456.879071670118719, 649582.5 ], [ 2173457.5, 649583.797547662514262 ], [ 2173460.072460034396499, 649587.5 ], [ 2173462.5, 649591.167533098137937 ], [ 2173463.927122813649476, 649592.5 ], [ 2173467.5, 649597.410303647280671 ], [ 2173467.591617949306965, 649597.5 ], [ 2173470.804038813803345, 649602.5 ], [ 2173472.5, 649606.764109145733528 ], [ 2173472.822064214386046, 649607.5 ], [ 2173474.969666981138289, 649612.5 ], [ 2173476.557156118098646, 649617.5 ], [ 2173477.5, 649621.838723734021187 ], [ 2173477.666964102070779, 649622.5 ], [ 2173477.99961971770972, 649627.5 ], [ 2173477.505498624406755, 649632.5 ], [ 2173477.5, 649632.602556888363324 ], [ 2173477.329483762849122, 649637.5 ], [ 2173477.5, 649639.648566467571072 ], [ 2173477.909340841695666, 649642.5 ], [ 2173479.507116576191038, 649647.5 ], [ 2173481.011142589617521, 649652.5 ], [ 2173481.629119521472603, 649657.5 ], [ 2173481.58221810311079, 649662.5 ], [ 2173481.529134716372937, 649667.5 ], [ 2173481.815143483225256, 649672.5 ], [ 2173482.5, 649676.92628314322792 ], [ 2173482.799031676258892, 649677.5 ], [ 2173487.5, 649680.265496979351155 ], [ 2173492.5, 649677.761942644254304 ], [ 2173492.776203960645944, 649677.5 ], [ 2173497.370524157304317, 649672.5 ], [ 2173497.5, 649672.256170512526296 ], [ 2173499.595383972395211, 649667.5 ], [ 2173499.999720970634371, 649662.5 ], [ 2173500.065095051191747, 649657.5 ], [ 2173501.357963156420738, 649652.5 ], [ 2173502.5, 649650.839474310283549 ], [ 2173504.269402413628995, 649647.5 ], [ 2173507.5, 649643.989675023360178 ], [ 2173509.307325811125338, 649642.5 ], [ 2173512.5, 649640.068654422066174 ], [ 2173517.5, 649638.91981582599692 ], [ 2173522.5, 649640.590820034150966 ], [ 2173524.532457915134728, 649642.5 ], [ 2173527.5, 649646.807717476971447 ], [ 2173527.866951144766062, 649647.5 ], [ 2173529.47047368530184, 649652.5 ], [ 2173530.375744775868952, 649657.5 ], [ 2173532.5, 649661.823367835604586 ], [ 2173537.5, 649659.576258918037638 ], [ 2173540.622371548786759, 649657.5 ], [ 2173542.5, 649655.940685067442246 ], [ 2173545.720597084611654, 649652.5 ], [ 2173547.296566288918257, 649647.5 ], [ 2173547.5, 649645.987982291611843 ], [ 2173547.765975184738636, 649642.5 ], [ 2173548.109094082843512, 649637.5 ], [ 2173548.230808997061104, 649632.5 ], [ 2173548.023796199820936, 649627.5 ], [ 2173547.635315774008632, 649622.5 ], [ 2173547.5, 649621.352289072470739 ], [ 2173546.341892174910754, 649617.5 ], [ 2173543.582031611353159, 649612.5 ], [ 2173542.5, 649611.582894377992488 ], [ 2173541.791136510670185, 649612.5 ], [ 2173538.612499793060124, 649617.5 ], [ 2173537.5, 649618.840551754692569 ], [ 2173535.250913554336876, 649622.5 ], [ 2173532.5, 649625.203088260022923 ], [ 2173527.5, 649627.444975944817998 ], [ 2173526.780972149223089, 649627.5 ], [ 2173522.5, 649628.215569211868569 ], [ 2173520.960294942371547, 649627.5 ], [ 2173517.5, 649626.757658330956474 ], [ 2173512.5, 649622.878549256012775 ], [ 2173512.235294339712709, 649622.5 ], [ 2173508.949162194039673, 649617.5 ], [ 2173507.5, 649612.84987401694525 ], [ 2173507.378828840330243, 649612.5 ], [ 2173506.498538289219141, 649607.5 ], [ 2173506.479721501469612, 649602.5 ], [ 2173506.915249507408589, 649597.5 ], [ 2173505.947788531892002, 649592.5 ], [ 2173502.5, 649587.812532112933695 ], [ 2173501.695464950520545, 649587.5 ], [ 2173497.5, 649585.143579445197247 ], [ 2173492.5, 649584.589339482248761 ], [ 2173487.846276320517063, 649582.5 ], [ 2173491.321799202822149, 649577.5 ], [ 2173492.5, 649576.821976236999035 ], [ 2173497.5, 649574.756861643283628 ], [ 2173499.938459865283221, 649572.5 ], [ 2173502.5, 649569.933948721271008 ], [ 2173503.457711616996676, 649567.5 ], [ 2173503.942463112995028, 649562.5 ], [ 2173503.002328210510314, 649557.5 ], [ 2173502.5, 649556.090729171875864 ], [ 2173500.888595472089946, 649552.5 ], [ 2173498.973823974840343, 649547.5 ], [ 2173498.682335880119354, 649542.5 ], [ 2173499.974047163501382, 649537.5 ], [ 2173502.280622553545982, 649532.5 ], [ 2173502.5, 649532.135125891887583 ], [ 2173504.987039598636329, 649527.5 ], [ 2173507.5, 649523.138277435326017 ], [ 2173507.904777048621327, 649522.5 ], [ 2173510.322169511578977, 649517.5 ], [ 2173512.21868640743196, 649512.5 ], [ 2173512.5, 649511.66891544405371 ], [ 2173516.981929530855268, 649507.5 ], [ 2173517.5, 649507.119346500257961 ], [ 2173518.11726453807205, 649507.5 ], [ 2173522.5, 649510.524292488000356 ], [ 2173523.839601492974907, 649512.5 ], [ 2173527.5, 649517.261412439984269 ], [ 2173531.112681227736175, 649517.5 ], [ 2173532.5, 649517.5500353067182 ], [ 2173532.529953633900732, 649517.5 ], [ 2173534.398324757814407, 649512.5 ], [ 2173535.696148913819343, 649507.5 ], [ 2173536.391900442074984, 649502.5 ], [ 2173536.597064939793199, 649497.5 ], [ 2173536.539189529139549, 649492.5 ], [ 2173536.422252619173378, 649487.5 ], [ 2173536.459733353927732, 649482.5 ], [ 2173536.896465165074915, 649477.5 ], [ 2173537.5, 649474.811942968168296 ], [ 2173537.92131079453975, 649472.5 ], [ 2173539.243653868325055, 649467.5 ], [ 2173539.689102187287062, 649462.5 ], [ 2173539.208827028982341, 649457.5 ], [ 2173539.694416756276041, 649452.5 ], [ 2173541.629768409766257, 649447.5 ], [ 2173542.5, 649445.960967680090107 ], [ 2173543.864101359155029, 649442.5 ], [ 2173545.668136766180396, 649437.5 ], [ 2173546.627820973284543, 649432.5 ], [ 2173546.130035429261625, 649427.5 ], [ 2173544.230513902846724, 649422.5 ], [ 2173542.5, 649418.861905846279114 ], [ 2173541.665577787905931, 649417.5 ], [ 2173539.25939373485744, 649412.5 ], [ 2173537.725486141629517, 649407.5 ], [ 2173537.5, 649406.580908502801321 ], [ 2173535.784701614640653, 649402.5 ], [ 2173533.541648123413324, 649397.5 ], [ 2173532.5, 649395.449309963732958 ], [ 2173527.5, 649393.428584808134474 ], [ 2173522.5, 649393.400503221782856 ], [ 2173519.470246637240052, 649392.5 ], [ 2173517.5, 649389.755552288843319 ], [ 2173516.978630722500384, 649387.5 ], [ 2173517.5, 649386.303775480017066 ], [ 2173519.144900833256543, 649382.5 ], [ 2173522.5, 649378.936746944091283 ], [ 2173523.625392327085137, 649377.5 ], [ 2173526.467952573671937, 649372.5 ], [ 2173527.294445781037211, 649367.5 ], [ 2173526.824827571865171, 649362.5 ], [ 2173525.579115611035377, 649357.5 ], [ 2173523.989887369330972, 649352.5 ], [ 2173522.5, 649348.320276826969348 ], [ 2173521.961489505600184, 649347.5 ], [ 2173518.95283122966066, 649342.5 ], [ 2173517.5, 649340.17616218898911 ], [ 2173514.110865890979767, 649337.5 ], [ 2173512.5, 649336.708622351638041 ], [ 2173507.5, 649336.525028564035892 ], [ 2173502.5, 649335.949539627996273 ], [ 2173497.5, 649332.904724139720201 ], [ 2173497.105818651150912, 649332.5 ], [ 2173492.5, 649329.107415682869032 ], [ 2173490.796535461675376, 649327.5 ], [ 2173487.5, 649325.514703341177665 ], [ 2173482.5, 649322.695648713968694 ], [ 2173482.103782935068011, 649322.5 ], [ 2173477.5, 649320.767442153184675 ], [ 2173472.5, 649318.676366274012253 ], [ 2173470.042348048184067, 649317.5 ], [ 2173467.5, 649316.567736186902039 ], [ 2173462.5, 649314.787730593699962 ], [ 2173457.5, 649312.850392991327681 ], [ 2173456.615284518804401, 649312.5 ], [ 2173452.5, 649311.249795590643771 ], [ 2173447.5, 649309.563300230656751 ], [ 2173442.739607950206846, 649307.5 ], [ 2173442.5, 649307.414420376648195 ], [ 2173437.5, 649305.504296757746488 ], [ 2173432.5, 649303.107902449904941 ], [ 2173431.324594949372113, 649302.5 ], [ 2173427.5, 649300.789912932435982 ], [ 2173422.5, 649298.569264218327589 ], [ 2173419.920952429063618, 649297.5 ], [ 2173417.5, 649296.646845741313882 ], [ 2173412.5, 649294.634908512816764 ], [ 2173408.899600185919553, 649292.5 ], [ 2173407.5, 649291.708610008121468 ], [ 2173402.5, 649288.31186798599083 ], [ 2173401.361817345023155, 649287.5 ], [ 2173397.5, 649285.388582409825176 ], [ 2173392.5, 649283.588181931292638 ], [ 2173387.5, 649282.754612128599547 ], [ 2173385.177988656330854, 649282.5 ], [ 2173382.5, 649282.283162333886139 ] ], [ [ 2173444.898394956253469, 649817.5 ], [ 2173446.791989105287939, 649822.5 ], [ 2173445.157322329934686, 649827.5 ], [ 2173442.5, 649829.791401330963708 ], [ 2173437.5, 649832.126163547625765 ], [ 2173434.756519590970129, 649832.5 ], [ 2173432.5, 649832.83453152270522 ], [ 2173430.942759742494673, 649832.5 ], [ 2173427.5, 649831.280029171612114 ], [ 2173424.666025325190276, 649827.5 ], [ 2173424.979062944184989, 649822.5 ], [ 2173427.5, 649818.485121709876694 ], [ 2173428.309487408027053, 649817.5 ], [ 2173432.5, 649814.410033796448261 ], [ 2173437.5, 649813.384011256392114 ], [ 2173442.5, 649815.08888472779654 ], [ 2173444.898394956253469, 649817.5 ] ], [ [ 2173542.5, 649687.485927192610689 ], [ 2173537.5, 649687.109780313796364 ], [ 2173537.171655224636197, 649687.5 ], [ 2173535.645798170007765, 649692.5 ], [ 2173535.278139310888946, 649697.5 ], [ 2173535.414459003601223, 649702.5 ], [ 2173536.651179444044828, 649707.5 ], [ 2173537.5, 649708.921304830466397 ], [ 2173541.883189448155463, 649707.5 ], [ 2173542.5, 649707.346542218816467 ], [ 2173547.5, 649703.203685230808333 ], [ 2173548.065577272791415, 649702.5 ], [ 2173550.915692701935768, 649697.5 ], [ 2173550.766118570696563, 649692.5 ], [ 2173547.5, 649689.291641613235697 ], [ 2173542.566099780146033, 649687.5 ], [ 2173542.5, 649687.485927192610689 ] ] ] } },
{ "type": "Feature", "properties": { "fid": 4, "time": "2020-01-01", "year": 2020 }, "geometry": { "type": "MultiLineString", "coordinates": [ [ [ 2173397.5, 649281.293659750721417 ], [ 2173392.5, 649280.516906777163967 ], [ 2173387.5, 649279.938891162513755 ], [ 2173382.5, 649279.234502987470478 ], [ 2173377.5, 649278.615023181657307 ], [ 2173372.5, 649278.795381591422483 ], [ 2173367.5, 649279.569974134559743 ], [ 2173362.5, 649280.062937528826296 ], [ 2173357.5, 649280.085645709536038 ], [ 2173352.5, 649279.875760082621127 ], [ 2173347.5, 649279.647029467858374 ], [ 2173342.5, 649279.617930879117921 ], [ 2173337.5, 649279.850646796636283 ], [ 2173332.5, 649280.239949824055657 ], [ 2173327.5, 649280.644862338318489 ], [ 2173322.5, 649280.904090610565618 ], [ 2173317.5, 649280.944300617324188 ], [ 2173312.5, 649280.78622568026185 ], [ 2173307.5, 649280.701690084533766 ], [ 2173302.5, 649281.220832569757476 ], [ 2173297.68126569641754, 649282.5 ], [ 2173297.5, 649282.559242667397484 ], [ 2173292.5, 649284.926554946112446 ], [ 2173288.180315128527582, 649287.5 ], [ 2173287.5, 649287.975150724640116 ], [ 2173282.5, 649292.224056333885528 ], [ 2173282.215739448554814, 649292.5 ], [ 2173277.5, 649296.998218479566276 ], [ 2173276.955454338341951, 649297.5 ], [ 2173272.5, 649301.48709996661637 ], [ 2173271.425227072089911, 649302.5 ], [ 2173267.5, 649306.692401593201794 ], [ 2173266.846457913983613, 649307.5 ], [ 2173263.628617621958256, 649312.5 ], [ 2173262.5, 649314.661519241402857 ], [ 2173261.27008588379249, 649317.5 ], [ 2173259.44699893752113, 649322.5 ], [ 2173257.5, 649326.763789167394862 ], [ 2173257.153399552218616, 649327.5 ], [ 2173254.397826571948826, 649332.5 ], [ 2173252.5, 649335.503510487033054 ], [ 2173251.316331458278, 649337.5 ], [ 2173248.1844541458413, 649342.5 ], [ 2173247.5, 649343.51063210319262 ], [ 2173245.068008842412382, 649347.5 ], [ 2173242.5, 649352.135285764466971 ], [ 2173242.332376442383975, 649352.5 ], [ 2173240.847242146264762, 649357.5 ], [ 2173240.017267955467105, 649362.5 ], [ 2173239.333253278397024, 649367.5 ], [ 2173238.428073504939675, 649372.5 ], [ 2173237.5, 649375.99221402942203 ], [ 2173237.134656989015639, 649377.5 ], [ 2173235.856540234293789, 649382.5 ], [ 2173234.850739854387939, 649387.5 ], [ 2173234.219070986844599, 649392.5 ], [ 2173233.860647198278457, 649397.5 ], [ 2173233.792800233699381, 649402.5 ], [ 2173234.122283584903926, 649407.5 ], [ 2173234.813282561954111, 649412.5 ], [ 2173235.732949395664036, 649417.5 ], [ 2173236.801875337027013, 649422.5 ], [ 2173237.5, 649425.47168033500202 ], [ 2173238.071149672847241, 649427.5 ], [ 2173239.428731835447252, 649432.5 ], [ 2173240.672561393119395, 649437.5 ], [ 2173241.799191571772099, 649442.5 ], [ 2173242.5, 649445.873388182371855 ], [ 2173242.911182100418955, 649447.5 ], [ 2173244.083983752410859, 649452.5 ], [ 2173245.193437280133367, 649457.5 ], [ 2173246.45525662181899, 649462.5 ], [ 2173247.5, 649465.533184738829732 ], [ 2173248.282019042409956, 649467.5 ], [ 2173250.28173693921417, 649472.5 ], [ 2173251.837717024143785, 649477.5 ], [ 2173252.5, 649480.332706602290273 ], [ 2173253.116683784406632, 649482.5 ], [ 2173253.905114899389446, 649487.5 ], [ 2173254.353251434862614, 649492.5 ], [ 2173255.12162159383297, 649497.5 ], [ 2173256.50894095050171, 649502.5 ], [ 2173257.5, 649504.931764903361909 ], [ 2173258.6143550388515, 649507.5 ], [ 2173260.993757218122482, 649512.5 ], [ 2173262.5, 649515.67038803093601 ], [ 2173263.498435805086046, 649517.5 ], [ 2173265.836079622153193, 649522.5 ], [ 2173267.5, 649527.291084868949838 ], [ 2173267.581282536499202, 649527.5 ], [ 2173269.043334484100342, 649532.5 ], [ 2173270.300815871916711, 649537.5 ], [ 2173271.547317942604423, 649542.5 ], [ 2173272.5, 649546.476138275582343 ], [ 2173272.809485002420843, 649547.5 ], [ 2173274.14767501456663, 649552.5 ], [ 2173275.241525905672461, 649557.5 ], [ 2173276.14118863735348, 649562.5 ], [ 2173276.955440680030733, 649567.5 ], [ 2173277.5, 649570.405472176731564 ], [ 2173277.957344078458846, 649572.5 ], [ 2173279.304489089176059, 649577.5 ], [ 2173280.667908927425742, 649582.5 ], [ 2173281.754242686089128, 649587.5 ], [ 2173282.5, 649591.997987203067169 ], [ 2173282.606714719906449, 649592.5 ], [ 2173283.564553143456578, 649597.5 ], [ 2173284.456529347691685, 649602.5 ], [ 2173285.286201337818056, 649607.5 ], [ 2173286.087975475005805, 649612.5 ], [ 2173286.936617167200893, 649617.5 ], [ 2173287.5, 649620.468754120985977 ], [ 2173287.965680027846247, 649622.5 ], [ 2173289.160382186528295, 649627.5 ], [ 2173290.314825473353267, 649632.5 ], [ 2173291.311096448916942, 649637.5 ], [ 2173292.079467036761343, 649642.5 ], [ 2173292.5, 649646.542668247013353 ], [ 2173292.641056064516306, 649647.5 ], [ 2173293.248221520334482, 649652.5 ], [ 2173294.068410932552069, 649657.5 ], [ 2173295.463146008085459, 649662.5 ], [ 2173297.5, 649666.882637660717592 ], [ 2173297.966148921754211, 649667.5 ], [ 2173302.5, 649672.418568053981289 ], [ 2173302.576359543949366, 649672.5 ], [ 2173307.016695429570973, 649677.5 ], [ 2173307.5, 649678.14562224317342 ], [ 2173310.255696518346667, 649682.5 ], [ 2173312.5, 649687.306218026555143 ], [ 2173312.602901364676654, 649687.5 ], [ 2173314.835984139237553, 649692.5 ], [ 2173316.445030426606536, 649697.5 ], [ 2173317.5, 649701.863161841989495 ], [ 2173317.684287685900927, 649702.5 ], [ 2173318.752622837666422, 649707.5 ], [ 2173319.666538217570633, 649712.5 ], [ 2173320.853302109055221, 649717.5 ], [ 2173322.40956346411258, 649722.5 ], [ 2173322.5, 649722.740618214476854 ], [ 2173324.714474742300808, 649727.5 ], [ 2173326.838444768451154, 649732.5 ], [ 2173327.5, 649734.308886240585707 ], [ 2173328.865488175768405, 649737.5 ], [ 2173330.511995705310255, 649742.5 ], [ 2173331.890420401934534, 649747.5 ], [ 2173332.5, 649749.644573486992158 ], [ 2173333.513660098426044, 649752.5 ], [ 2173335.472379612270743, 649757.5 ], [ 2173337.416200594976544, 649762.5 ], [ 2173337.5, 649762.755945098935626 ], [ 2173339.014163457322866, 649767.5 ], [ 2173340.074905454181135, 649772.5 ], [ 2173340.880649799946696, 649777.5 ], [ 2173341.653506873641163, 649782.5 ], [ 2173342.5, 649786.982246087165549 ], [ 2173342.624509371351451, 649787.5 ], [ 2173344.00954917864874, 649792.5 ], [ 2173345.386784647125751, 649797.5 ], [ 2173346.72341722715646, 649802.5 ], [ 2173347.5, 649805.257070727064274 ], [ 2173348.142985431477427, 649807.5 ], [ 2173349.773146389052272, 649812.5 ], [ 2173351.889247364364564, 649817.5 ], [ 2173352.5, 649818.612716192612424 ], [ 2173354.979001800529659, 649822.5 ], [ 2173357.5, 649826.364146993961185 ], [ 2173358.265573365148157, 649827.5 ], [ 2173361.116348693612963, 649832.5 ], [ 2173362.5, 649835.584436992183328 ], [ 2173363.417800021823496, 649837.5 ], [ 2173365.395305609796196, 649842.5 ], [ 2173367.119586566928774, 649847.5 ], [ 2173367.5, 649848.601719094906002 ], [ 2173368.879860116168857, 649852.5 ], [ 2173370.525203578639776, 649857.5 ], [ 2173372.184141613543034, 649862.5 ], [ 2173372.5, 649863.49261965486221 ], [ 2173374.009902778547257, 649867.5 ], [ 2173375.652547629084438, 649872.5 ], [ 2173377.309455401264131, 649877.5 ], [ 2173377.5, 649878.04924691200722 ], [ 2173379.055129883810878, 649882.5 ], [ 2173380.497217006515712, 649887.5 ], [ 2173381.678179568611085, 649892.5 ], [ 2173382.5, 649896.466674896306358 ], [ 2173382.751954709179699, 649897.5 ], [ 2173383.936577709857374, 649902.5 ], [ 2173385.116272174753249, 649907.5 ], [ 2173386.348358419723809, 649912.5 ], [ 2173387.5, 649917.061440351419151 ], [ 2173387.642816857434809, 649917.5 ], [ 2173389.407642125617713, 649922.5 ], [ 2173391.517957252450287, 649927.5 ], [ 2173392.5, 649929.342787535162643 ], [ 2173394.522631105501205, 649932.5 ], [ 2173397.451874623540789, 649937.5 ], [ 2173397.5, 649937.594411824946292 ], [ 2173399.749102609232068, 649942.5 ], [ 2173401.086119458079338, 649947.5 ], [ 2173401.980129523202777, 649952.5 ], [ 2173402.5, 649955.061103696818464 ], [ 2173403.190386169590056, 649957.5 ], [ 2173405.039677567780018, 649962.5 ], [ 2173407.164212916512042, 649967.5 ], [ 2173407.5, 649968.172574377502315 ], [ 2173410.126602060627192, 649972.5 ], [ 2173412.5, 649976.568669494590722 ], [ 2173413.164759364444762, 649977.5 ], [ 2173416.665794472210109, 649982.5 ], [ 2173417.5, 649983.780449373880401 ], [ 2173420.317572354339063, 649987.5 ], [ 2173422.5, 649990.853056569467299 ], [ 2173423.790281923953444, 649992.5 ], [ 2173427.5, 649996.642190751619637 ], [ 2173428.52948158280924, 649997.5 ], [ 2173432.5, 650000.091791800223291 ], [ 2173436.773009976372123, 650002.5 ], [ 2173437.5, 650002.840810592402704 ], [ 2173442.5, 650004.906608821125701 ], [ 2173447.5, 650007.45452627458144 ], [ 2173447.580387657508254, 650007.5 ], [ 2173452.5, 650009.876402119989507 ], [ 2173457.131861392408609, 650012.5 ], [ 2173457.5, 650012.699968900065869 ], [ 2173462.5, 650015.350978857954033 ], [ 2173466.046066924929619, 650017.5 ], [ 2173467.5, 650018.356469610356726 ], [ 2173472.5, 650022.169067068840377 ], [ 2173472.861369274556637, 650022.5 ], [ 2173477.5, 650026.999738448765129 ], [ 2173478.047041497193277, 650027.5 ], [ 2173482.5, 650030.810208058450371 ], [ 2173485.031218361109495, 650032.5 ], [ 2173487.5, 650033.76151062711142 ], [ 2173492.5, 650036.245683855027892 ], [ 2173494.895783884450793, 650037.5 ], [ 2173497.5, 650038.609551806468517 ], [ 2173502.5, 650040.583879540208727 ], [ 2173507.5, 650042.478065083967522 ], [ 2173507.561323349829763, 650042.5 ], [ 2173512.5, 650043.844754664809443 ], [ 2173517.5, 650046.00318204658106 ], [ 2173519.688285125885159, 650047.5 ], [ 2173522.5, 650049.281131851836108 ], [ 2173526.348243894521147, 650052.5 ], [ 2173527.5, 650053.465651299105957 ], [ 2173531.662317361682653, 650057.5 ], [ 2173532.5, 650058.48449010530021 ], [ 2173536.00437876349315, 650062.5 ], [ 2173537.5, 650064.991298897075467 ], [ 2173539.451967104338109, 650067.5 ], [ 2173541.857975420542061, 650072.5 ], [ 2173542.5, 650074.425903581897728 ], [ 2173543.758916737977415, 650077.5 ], [ 2173545.426072384696454, 650082.5 ], [ 2173546.987293942831457, 650087.5 ], [ 2173547.5, 650088.944850452593528 ], [ 2173549.177837072871625, 650092.5 ], [ 2173551.099792944733053, 650097.5 ], [ 2173552.5, 650101.454460688866675 ], [ 2173553.027389934752136, 650102.5 ], [ 2173556.125363972969353, 650107.5 ], [ 2173557.5, 650109.413399244775064 ], [ 2173560.441437189932913, 650112.5 ], [ 2173562.5, 650114.458115468500182 ], [ 2173565.831811610143632, 650117.5 ], [ 2173567.5, 650118.856761629111134 ], [ 2173572.244459723588079, 650122.5 ], [ 2173572.5, 650122.6683826680528 ], [ 2173577.5, 650124.981291045667604 ], [ 2173582.5, 650126.218845977215096 ], [ 2173587.5, 650125.963844071724452 ], [ 2173592.5, 650124.361388617195189 ], [ 2173595.9730309615843, 650122.5 ], [ 2173597.5, 650121.560127654229291 ], [ 2173602.5, 650118.12962554115802 ], [ 2173603.468880725093186, 650117.5 ], [ 2173607.5, 650114.453657601261511 ], [ 2173610.022407113574445, 650112.5 ], [ 2173612.5, 650109.914561894023791 ], [ 2173614.138861021958292, 650107.5 ], [ 2173616.359471753239632, 650102.5 ], [ 2173617.5, 650097.620336121181026 ], [ 2173617.519084162544459, 650097.5 ], [ 2173617.589506615884602, 650092.5 ], [ 2173617.5, 650091.697653879178688 ], [ 2173616.822743553668261, 650087.5 ], [ 2173615.396023695357144, 650082.5 ], [ 2173613.536331748589873, 650077.5 ], [ 2173612.5, 650075.487064971472137 ], [ 2173610.581857295706868, 650072.5 ], [ 2173607.5, 650068.154195913579315 ], [ 2173606.956743612885475, 650067.5 ], [ 2173602.790156494360417, 650062.5 ], [ 2173602.5, 650062.119674486573786 ], [ 2173598.934755657799542, 650057.5 ], [ 2173597.5, 650054.826987221254967 ], [ 2173596.140954202972353, 650052.5 ], [ 2173593.89074624562636, 650047.5 ], [ 2173592.5, 650043.676706699770875 ], [ 2173591.967667548451573, 650042.5 ], [ 2173590.037258069030941, 650037.5 ], [ 2173588.676454406697303, 650032.5 ], [ 2173587.630950196180493, 650027.5 ], [ 2173587.5, 650026.835778011241928 ], [ 2173586.313496468123049, 650022.5 ], [ 2173584.923465163446963, 650017.5 ], [ 2173583.242507284972817, 650012.5 ], [ 2173582.5, 650010.750499689369462 ], [ 2173580.612505750730634, 650007.5 ], [ 2173578.242551260627806, 650002.5 ], [ 2173577.5, 650000.633205925696529 ], [ 2173576.01398499449715, 649997.5 ], [ 2173574.157671957276762, 649992.5 ], [ 2173572.654604746028781, 649987.5 ], [ 2173572.5, 649986.97438085405156 ], [ 2173570.665806930977851, 649982.5 ], [ 2173569.016155213583261, 649977.5 ], [ 2173567.623326860833913, 649972.5 ], [ 2173567.5, 649972.0115040615201 ], [ 2173565.938263071235269, 649967.5 ], [ 2173564.729862448759377, 649962.5 ], [ 2173563.851061559747905, 649957.5 ], [ 2173563.128279987722635, 649952.5 ], [ 2173562.5, 649949.028717488399707 ], [ 2173561.815536878071725, 649947.5 ], [ 2173558.32693736301735, 649942.5 ], [ 2173557.5, 649941.527662680717185 ], [ 2173552.5, 649940.162899816408753 ], [ 2173547.5, 649941.271493915468454 ], [ 2173542.5, 649942.065868827747181 ], [ 2173539.64645771542564, 649942.5 ], [ 2173537.5, 649943.646011897479184 ], [ 2173536.242659221403301, 649947.5 ], [ 2173535.480872717220336, 649952.5 ], [ 2173532.5, 649956.923127040849067 ], [ 2173532.126489248592407, 649957.5 ], [ 2173527.5, 649960.638464414281771 ], [ 2173524.343297662213445, 649962.5 ], [ 2173522.5, 649963.574749123654328 ], [ 2173517.5, 649966.360775795765221 ], [ 2173514.454903877805918, 649967.5 ], [ 2173512.5, 649968.418757329694927 ], [ 2173507.5, 649969.157663237885572 ], [ 2173502.5, 649969.112948637921363 ], [ 2173497.5, 649969.039269877015613 ], [ 2173492.5, 649969.509782503708266 ], [ 2173487.5, 649970.078710508416407 ], [ 2173482.5, 649969.8063246733509 ], [ 2173477.5, 649968.273594409460202 ], [ 2173476.222780263517052, 649967.5 ], [ 2173472.5, 649964.614400201826356 ], [ 2173470.825008400715888, 649962.5 ], [ 2173467.965605858247727, 649957.5 ], [ 2173467.5, 649956.638371136737987 ], [ 2173464.755926468875259, 649952.5 ], [ 2173462.5, 649950.128187225316651 ], [ 2173457.75959551287815, 649947.5 ], [ 2173457.5, 649947.38337993377354 ], [ 2173452.5, 649945.347229650127701 ], [ 2173448.01870630774647, 649942.5 ], [ 2173447.5, 649942.057367912610061 ], [ 2173443.870832935906947, 649937.5 ], [ 2173442.5, 649935.21598906093277 ], [ 2173441.003901510499418, 649932.5 ], [ 2173438.41380005935207, 649927.5 ], [ 2173437.5, 649925.748293982353061 ], [ 2173435.833726543933153, 649922.5 ], [ 2173433.68053358560428, 649917.5 ], [ 2173432.5, 649913.158898768131621 ], [ 2173432.33878271561116, 649912.5 ], [ 2173432.400056020356715, 649907.5 ], [ 2173432.5, 649907.186967959394678 ], [ 2173436.025561436079443, 649902.5 ], [ 2173437.5, 649901.630653609056026 ], [ 2173442.306368318852037, 649902.5 ], [ 2173442.5, 649902.535925535601564 ], [ 2173447.5, 649905.649386950302869 ], [ 2173449.649894641246647, 649907.5 ], [ 2173452.5, 649909.780678000184707 ], [ 2173455.714721583295614, 649912.5 ], [ 2173457.5, 649913.908875385532156 ], [ 2173462.399356016423553, 649917.5 ], [ 2173462.5, 649917.571424735710025 ], [ 2173467.5, 649919.735196814057417 ], [ 2173472.5, 649919.076107829576358 ], [ 2173473.614287076052278, 649917.5 ], [ 2173476.092508977744728, 649912.5 ], [ 2173477.5, 649909.893936186796054 ], [ 2173478.588203226216137, 649907.5 ], [ 2173482.5, 649902.643556880881079 ], [ 2173482.712807818315923, 649902.5 ], [ 2173487.5, 649899.920526220696047 ], [ 2173492.5, 649898.6039871199755 ], [ 2173496.588198781944811, 649897.5 ], [ 2173497.5, 649897.060043778037652 ], [ 2173501.318849688861519, 649892.5 ], [ 2173502.5, 649889.53144648228772 ], [ 2173503.030713122338057, 649887.5 ], [ 2173504.753787892404944, 649882.5 ], [ 2173507.15803508926183, 649877.5 ], [ 2173507.5, 649873.989700724370778 ], [ 2173507.805975531227887, 649872.5 ], [ 2173507.5, 649872.238191898097284 ], [ 2173502.5, 649870.403762280475348 ], [ 2173497.5, 649869.286055768607184 ], [ 2173494.197007663547993, 649867.5 ], [ 2173492.5, 649866.653368855593726 ], [ 2173488.649366052821279, 649862.5 ], [ 2173487.5, 649860.765055115800351 ], [ 2173485.216389583889395, 649857.5 ], [ 2173483.092909834347665, 649852.5 ], [ 2173482.5, 649848.464812017395161 ], [ 2173482.107952141202986, 649847.5 ], [ 2173482.5, 649846.829350297222845 ], [ 2173483.689615799114108, 649842.5 ], [ 2173487.5, 649838.376603310462087 ], [ 2173488.753468865994364, 649837.5 ], [ 2173492.5, 649835.60459381819237 ], [ 2173497.5, 649836.013871452072635 ], [ 2173499.815611208789051, 649837.5 ], [ 2173502.5, 649839.519388490123674 ], [ 2173505.207295037806034, 649842.5 ], [ 2173507.5, 649846.185862925718538 ], [ 2173508.519231493584812, 649847.5 ], [ 2173511.633758450392634, 649852.5 ], [ 2173512.5, 649854.804109718417749 ], [ 2173516.283099703956395, 649857.5 ], [ 2173517.5, 649859.755941141746007 ], [ 2173519.130975183099508, 649857.5 ], [ 2173522.5, 649854.281326487543993 ], [ 2173524.616161278448999, 649852.5 ], [ 2173527.5, 649849.925038105808198 ], [ 2173529.494391431100667, 649852.5 ], [ 2173528.703818582929671, 649857.5 ], [ 2173527.5, 649860.277113028918393 ], [ 2173525.439029787667096, 649862.5 ], [ 2173525.333842138759792, 649867.5 ], [ 2173527.5, 649869.114910962060094 ], [ 2173530.562492880504578, 649872.5 ], [ 2173532.5, 649873.264374043559656 ], [ 2173537.5, 649874.078182280994952 ], [ 2173542.5, 649873.313421818893403 ], [ 2173544.654766832478344, 649872.5 ], [ 2173547.5, 649870.635919383610599 ], [ 2173549.522078814450651, 649867.5 ], [ 2173550.323947448749095, 649862.5 ], [ 2173549.499551664106548, 649857.5 ], [ 2173548.185184348840266, 649852.5 ], [ 2173547.5, 649850.142814675811678 ], [ 2173545.79459411976859, 649847.5 ], [ 2173542.5, 649843.861881773569621 ], [ 2173537.5, 649844.26485341147054 ], [ 2173532.5, 649846.021555958199315 ], [ 2173529.644758210051805, 649842.5 ], [ 2173527.5, 649840.109468941343948 ], [ 2173526.433100401423872, 649837.5 ], [ 2173523.205947073642164, 649832.5 ], [ 2173522.5, 649831.12384614162147 ], [ 2173520.392659082543105, 649827.5 ], [ 2173520.402044382877648, 649822.5 ], [ 2173522.5, 649819.28392889467068 ], [ 2173523.493675400968641, 649817.5 ], [ 2173527.5, 649813.78872587159276 ], [ 2173529.061169776134193, 649812.5 ], [ 2173532.5, 649810.364331854390912 ], [ 2173537.5, 649808.397285190527327 ], [ 2173541.48194112861529, 649807.5 ], [ 2173542.5, 649807.192440266138874 ], [ 2173547.5, 649805.979941896745004 ], [ 2173552.139334252104163, 649802.5 ], [ 2173552.5, 649801.821063510491513 ], [ 2173553.5813900642097, 649797.5 ], [ 2173554.594880369491875, 649792.5 ], [ 2173555.735808432567865, 649787.5 ], [ 2173556.997156437020749, 649782.5 ], [ 2173557.5, 649780.530092039844021 ], [ 2173558.104944385122508, 649777.5 ], [ 2173559.078811672981828, 649772.5 ], [ 2173560.007556389085948, 649767.5 ], [ 2173560.794434565119445, 649762.5 ], [ 2173561.228937371168286, 649757.5 ], [ 2173561.091416924260557, 649752.5 ], [ 2173560.153799986001104, 649747.5 ], [ 2173557.877680267207325, 649742.5 ], [ 2173557.5, 649741.945948573295027 ], [ 2173552.5, 649738.502882551518269 ], [ 2173549.824747368693352, 649737.5 ], [ 2173547.5, 649736.184861304122023 ], [ 2173542.5, 649734.42370982200373 ], [ 2173537.5, 649733.840792100178078 ], [ 2173532.5, 649733.620762631180696 ], [ 2173527.5, 649734.00312504672911 ], [ 2173522.5, 649735.628033271990716 ], [ 2173518.025444156024605, 649737.5 ], [ 2173517.5, 649737.74548461753875 ], [ 2173512.5, 649740.267393456888385 ], [ 2173507.5, 649742.100903874845244 ], [ 2173506.495328560471535, 649742.5 ], [ 2173502.5, 649745.160175547935069 ], [ 2173499.844683738425374, 649747.5 ], [ 2173498.051496946718544, 649752.5 ], [ 2173497.5, 649755.478345166076906 ], [ 2173496.803757134824991, 649757.5 ], [ 2173496.60063747363165, 649762.5 ], [ 2173497.5, 649763.74257647653576 ], [ 2173499.143099064473063, 649767.5 ], [ 2173502.5, 649770.785275203175843 ], [ 2173504.134146213065833, 649772.5 ], [ 2173507.5, 649775.25239782826975 ], [ 2173509.487583484966308, 649777.5 ], [ 2173512.427701246459037, 649782.5 ], [ 2173512.5, 649782.90219015092589 ], [ 2173513.436163721140474, 649787.5 ], [ 2173512.521513693965971, 649792.5 ], [ 2173512.5, 649792.545779174426571 ], [ 2173510.151330846361816, 649797.5 ], [ 2173507.5, 649800.325034297071397 ], [ 2173503.174835225567222, 649802.5 ], [ 2173502.5, 649802.822228204691783 ], [ 2173497.5, 649803.551095014670864 ], [ 2173492.86408142093569, 649802.5 ], [ 2173492.5, 649802.422982732532546 ], [ 2173487.5, 649799.497204041108489 ], [ 2173484.996321063023061, 649797.5 ], [ 2173482.5, 649794.722177128889598 ], [ 2173480.396825222764164, 649792.5 ], [ 2173478.104990733787417, 649787.5 ], [ 2173477.5, 649782.519697141950019 ], [ 2173477.49733703257516, 649782.5 ], [ 2173477.5, 649782.472551504499279 ], [ 2173477.9091149517335, 649777.5 ], [ 2173479.267273672390729, 649772.5 ], [ 2173481.569375832099468, 649767.5 ], [ 2173482.5, 649765.523270327365026 ], [ 2173484.774693583138287, 649762.5 ], [ 2173486.474052166566253, 649757.5 ], [ 2173486.851541837211698, 649752.5 ], [ 2173486.545117681380361, 649747.5 ], [ 2173485.430214858148247, 649742.5 ], [ 2173483.17229369841516, 649737.5 ], [ 2173482.5, 649736.661647857050411 ], [ 2173477.5, 649733.616264974465594 ], [ 2173472.5, 649732.776969372411259 ], [ 2173468.117463006172329, 649732.5 ], [ 2173467.5, 649732.465966756804846 ], [ 2173462.5, 649732.199749201186933 ], [ 2173457.5, 649731.595926240202971 ], [ 2173452.5, 649729.975715302512981 ], [ 2173449.05396653432399, 649727.5 ], [ 2173447.5, 649725.049469362478703 ], [ 2173446.373448177240789, 649722.5 ], [ 2173445.901118113659322, 649717.5 ], [ 2173446.014793876092881, 649712.5 ], [ 2173446.015047976747155, 649707.5 ], [ 2173445.263503523543477, 649702.5 ], [ 2173443.284796175546944, 649697.5 ], [ 2173442.5, 649696.228113309945911 ], [ 2173439.921133172232658, 649692.5 ], [ 2173437.5, 649689.340264065307565 ], [ 2173436.096835436299443, 649687.5 ], [ 2173432.5, 649682.525541994255036 ], [ 2173432.48150070477277, 649682.5 ], [ 2173428.721280400175601, 649677.5 ], [ 2173427.5, 649675.980356159387156 ], [ 2173424.666204940993339, 649672.5 ], [ 2173422.5, 649669.87611203675624 ], [ 2173420.627075308468193, 649667.5 ], [ 2173417.5, 649662.856179361231625 ], [ 2173417.248811580706388, 649662.5 ], [ 2173414.03825604217127, 649657.5 ], [ 2173412.5, 649655.005844353931025 ], [ 2173410.358861802145839, 649652.5 ], [ 2173407.5, 649649.234262140467763 ], [ 2173405.579428336583078, 649647.5 ], [ 2173402.5, 649644.18228170578368 ], [ 2173400.953540759161115, 649642.5 ], [ 2173397.5, 649637.503903829143383 ], [ 2173397.497317420784384, 649637.5 ], [ 2173394.132562826853245, 649632.5 ], [ 2173392.5, 649630.086039738031104 ], [ 2173390.516394307371229, 649627.5 ], [ 2173387.5, 649623.532501519890502 ], [ 2173386.802609224803746, 649622.5 ], [ 2173384.128752290736884, 649617.5 ], [ 2173382.641111307777464, 649612.5 ], [ 2173382.5, 649611.828415869036689 ], [ 2173381.6215426386334, 649607.5 ], [ 2173380.443791963625699, 649602.5 ], [ 2173378.76146043324843, 649597.5 ], [ 2173377.5, 649594.913830094621517 ], [ 2173376.027919910848141, 649592.5 ], [ 2173372.632265005726367, 649587.5 ], [ 2173372.5, 649587.288805096643046 ], [ 2173369.414813799783587, 649582.5 ], [ 2173367.676634889096022, 649577.5 ], [ 2173367.5, 649576.43961403449066 ], [ 2173366.779849858954549, 649572.5 ], [ 2173366.251887954771519, 649567.5 ], [ 2173365.179648470133543, 649562.5 ], [ 2173363.296267059631646, 649557.5 ], [ 2173362.5, 649555.83563636476174 ], [ 2173360.466889414004982, 649552.5 ], [ 2173357.882757537532598, 649547.5 ], [ 2173357.5, 649546.43586613109801 ], [ 2173355.94867848418653, 649542.5 ], [ 2173354.85480474634096, 649537.5 ], [ 2173353.876831871457398, 649532.5 ], [ 2173352.507674674503505, 649527.5 ], [ 2173352.5, 649527.482159746461548 ], [ 2173350.079809681046754, 649522.5 ], [ 2173347.5, 649519.042330078897066 ], [ 2173346.178858392871916, 649517.5 ], [ 2173342.5, 649513.967391383717768 ], [ 2173341.006054415367544, 649512.5 ], [ 2173337.5, 649509.254194132168777 ], [ 2173335.705808180384338, 649507.5 ], [ 2173332.5, 649504.182418530923314 ], [ 2173331.076130958274007, 649502.5 ], [ 2173327.948341425042599, 649497.5 ], [ 2173327.5, 649496.239133221097291 ], [ 2173326.222002145368606, 649492.5 ], [ 2173325.558039295487106, 649487.5 ], [ 2173325.457447585649788, 649482.5 ], [ 2173325.488472555764019, 649477.5 ], [ 2173324.985672516748309, 649472.5 ], [ 2173323.686568877659738, 649467.5 ], [ 2173322.5, 649463.937131949700415 ], [ 2173322.032690385822207, 649462.5 ], [ 2173320.759233713615686, 649457.5 ], [ 2173320.331553521100432, 649452.5 ], [ 2173320.866104502230883, 649447.5 ], [ 2173322.5, 649442.800587878911756 ], [ 2173322.693208397366107, 649442.5 ], [ 2173327.5, 649438.748273043311201 ], [ 2173332.5, 649438.835191300138831 ], [ 2173337.5, 649440.302120140520856 ], [ 2173342.5, 649442.480902162264101 ], [ 2173342.534085761755705, 649442.5 ], [ 2173347.5, 649444.834075697697699 ], [ 2173352.318909747060388, 649447.5 ], [ 2173352.5, 649447.588300535571761 ], [ 2173357.5, 649449.98200805101078 ], [ 2173362.5, 649452.224296167260036 ], [ 2173363.25218848278746, 649452.5 ], [ 2173367.5, 649453.824373964685947 ], [ 2173372.5, 649454.950912378029898 ], [ 2173377.5, 649455.681975627783686 ], [ 2173382.5, 649456.60923955286853 ], [ 2173384.221739911008626, 649457.5 ], [ 2173387.5, 649459.504443458747119 ], [ 2173389.875941246282309, 649462.5 ], [ 2173392.282269504852593, 649467.5 ], [ 2173392.5, 649468.12360203883145 ], [ 2173394.362451536115259, 649472.5 ], [ 2173396.854411803651601, 649477.5 ], [ 2173397.5, 649478.430101649835706 ], [ 2173402.5, 649481.857008443563245 ], [ 2173403.849754899274558, 649482.5 ], [ 2173407.5, 649484.268379158922471 ], [ 2173412.136228125542402, 649487.5 ], [ 2173412.5, 649487.812669474282302 ], [ 2173416.480282236821949, 649492.5 ], [ 2173417.5, 649493.85225181770511 ], [ 2173419.926314583979547, 649497.5 ], [ 2173422.5, 649501.199175710207783 ], [ 2173423.371746369171888, 649502.5 ], [ 2173426.649437905754894, 649507.5 ], [ 2173427.5, 649508.846525119733997 ], [ 2173429.690826807636768, 649512.5 ], [ 2173432.5, 649517.457492337212898 ], [ 2173432.524871129542589, 649517.5 ], [ 2173435.180690843146294, 649522.5 ], [ 2173437.435727204196155, 649527.5 ], [ 2173437.5, 649527.658484032494016 ], [ 2173439.517548510339111, 649532.5 ], [ 2173441.286743948701769, 649537.5 ], [ 2173442.5, 649541.81241236673668 ], [ 2173442.725244979374111, 649542.5 ], [ 2173443.630246637389064, 649547.5 ], [ 2173444.010328880511224, 649552.5 ], [ 2173444.568314045667648, 649557.5 ], [ 2173445.637470227666199, 649562.5 ], [ 2173447.25209374492988, 649567.5 ], [ 2173447.5, 649568.059976372402161 ], [ 2173449.646779755596071, 649572.5 ], [ 2173452.070048953406513, 649577.5 ], [ 2173452.5, 649578.413339062361047 ], [ 2173454.36477864254266, 649582.5 ], [ 2173456.348169784061611, 649587.5 ], [ 2173457.5, 649590.527985840803012 ], [ 2173458.392542832996696, 649592.5 ], [ 2173460.767611423041672, 649597.5 ], [ 2173462.5, 649600.558684416813776 ], [ 2173464.073055991902947, 649602.5 ], [ 2173467.5, 649606.079872212023474 ], [ 2173469.261483644600958, 649607.5 ], [ 2173472.5, 649610.366455507930368 ], [ 2173474.6008634660393, 649612.5 ], [ 2173477.317877805326134, 649617.5 ], [ 2173477.5, 649618.29832280962728 ], [ 2173478.331589857582003, 649622.5 ], [ 2173478.204683621414006, 649627.5 ], [ 2173477.5, 649631.502251311554573 ], [ 2173477.329236854333431, 649632.5 ], [ 2173476.677325621247292, 649637.5 ], [ 2173476.718502932693809, 649642.5 ], [ 2173477.443770574405789, 649647.5 ], [ 2173477.5, 649647.760254177148454 ], [ 2173478.860180801246315, 649652.5 ], [ 2173479.808076006360352, 649657.5 ], [ 2173480.148982462007552, 649662.5 ], [ 2173480.005325989797711, 649667.5 ], [ 2173479.48312111152336, 649672.5 ], [ 2173478.647135462146252, 649677.5 ], [ 2173478.226303954608738, 649682.5 ], [ 2173481.590646780095994, 649687.5 ], [ 2173482.5, 649688.010132131981663 ], [ 2173484.150938418693841, 649687.5 ], [ 2173487.5, 649686.32195958099328 ], [ 2173491.347842819988728, 649682.5 ], [ 2173492.5, 649681.236438774270937 ], [ 2173495.252273078542203, 649677.5 ], [ 2173497.5, 649673.971515408833511 ], [ 2173498.507243372034281, 649672.5 ], [ 2173499.832627908326685, 649667.5 ], [ 2173500.057622278574854, 649662.5 ], [ 2173500.46709124231711, 649657.5 ], [ 2173502.19231110997498, 649652.5 ], [ 2173502.5, 649652.074644750915468 ], [ 2173505.509425063617527, 649647.5 ], [ 2173507.5, 649645.475446225143969 ], [ 2173511.102584240958095, 649642.5 ], [ 2173512.5, 649641.339250981807709 ], [ 2173517.5, 649639.497421052656136 ], [ 2173522.5, 649640.478356884676032 ], [ 2173524.627575634978712, 649642.5 ], [ 2173527.5, 649647.249917166074738 ], [ 2173527.600302190054208, 649647.5 ], [ 2173528.631120228208601, 649652.5 ], [ 2173528.815742135979235, 649657.5 ], [ 2173527.852560237515718, 649662.5 ], [ 2173532.5, 649665.082802015473135 ], [ 2173534.134313757997006, 649662.5 ], [ 2173537.5, 649660.341514913132414 ], [ 2173541.006898308172822, 649657.5 ], [ 2173542.5, 649656.128563309437595 ], [ 2173545.435901265125722, 649652.5 ], [ 2173546.866201801225543, 649647.5 ], [ 2173547.443652522284538, 649642.5 ], [ 2173547.5, 649641.891018899972551 ], [ 2173547.739228737074882, 649637.5 ], [ 2173547.769254215061665, 649632.5 ], [ 2173547.5, 649628.260780661483295 ], [ 2173547.393188069574535, 649627.5 ], [ 2173546.313083858694881, 649622.5 ], [ 2173545.161360000725836, 649617.5 ], [ 2173543.534746422432363, 649612.5 ], [ 2173542.5, 649610.855888191028498 ], [ 2173541.418827401474118, 649612.5 ], [ 2173538.176584750413895, 649617.5 ], [ 2173537.5, 649618.295140573638491 ], [ 2173535.215347595978528, 649622.5 ], [ 2173532.5, 649625.215453440323472 ], [ 2173528.334860310889781, 649627.5 ], [ 2173527.5, 649628.080999160069041 ], [ 2173522.5, 649629.306906595127657 ], [ 2173518.006725824438035, 649627.5 ], [ 2173517.5, 649627.400722094229423 ], [ 2173512.5, 649623.851957986829802 ], [ 2173511.546987634152174, 649622.5 ], [ 2173508.577465118840337, 649617.5 ], [ 2173507.5, 649613.452617616509087 ], [ 2173507.216919318307191, 649612.5 ], [ 2173506.761768482625484, 649607.5 ], [ 2173507.205869891680777, 649602.5 ], [ 2173507.5, 649601.095670503913425 ], [ 2173508.177209823392332, 649597.5 ], [ 2173509.080836242530495, 649592.5 ], [ 2173509.270815451163799, 649587.5 ], [ 2173508.753233725670725, 649582.5 ], [ 2173507.928269200958312, 649577.5 ], [ 2173507.5, 649573.474029341945425 ], [ 2173507.339867913164198, 649572.5 ], [ 2173506.870640391483903, 649567.5 ], [ 2173505.61031199619174, 649562.5 ], [ 2173503.252541188150644, 649557.5 ], [ 2173502.5, 649556.364352744189091 ], [ 2173498.732271744869649, 649552.5 ], [ 2173497.5, 649551.066056668758392 ], [ 2173493.596713479142636, 649547.5 ], [ 2173493.418407975696027, 649542.5 ], [ 2173495.919369312934577, 649537.5 ], [ 2173497.5, 649535.606682619429193 ], [ 2173499.71967646246776, 649532.5 ], [ 2173502.5, 649529.754929409362376 ], [ 2173504.911223988048732, 649527.5 ], [ 2173507.5, 649525.288776248809882 ], [ 2173511.497140255756676, 649522.5 ], [ 2173512.5, 649521.599047046503983 ], [ 2173517.5, 649518.768356755841523 ], [ 2173522.5, 649518.498410776956007 ], [ 2173527.5, 649520.695650541689247 ], [ 2173532.5, 649520.975664066616446 ], [ 2173534.344925785902888, 649517.5 ], [ 2173535.924816515762359, 649512.5 ], [ 2173537.023551036603749, 649507.5 ], [ 2173537.5, 649503.156668839394115 ], [ 2173537.533870629500598, 649502.5 ], [ 2173537.596011421177536, 649497.5 ], [ 2173537.585383044555783, 649492.5 ], [ 2173537.592720496002585, 649487.5 ], [ 2173537.690301721915603, 649482.5 ], [ 2173537.981758139561862, 649477.5 ], [ 2173538.624672384932637, 649472.5 ], [ 2173539.409592006821185, 649467.5 ], [ 2173539.273920176550746, 649462.5 ], [ 2173538.660688808653504, 649457.5 ], [ 2173539.383254384621978, 649452.5 ], [ 2173541.74799333838746, 649447.5 ], [ 2173542.5, 649446.214261084911413 ], [ 2173543.995128396898508, 649442.5 ], [ 2173545.607996990438551, 649437.5 ], [ 2173546.605772248469293, 649432.5 ], [ 2173546.503290302120149, 649427.5 ], [ 2173544.952934505417943, 649422.5 ], [ 2173542.735802498180419, 649417.5 ], [ 2173542.5, 649416.918948436621577 ], [ 2173540.451838239561766, 649412.5 ], [ 2173539.014479416422546, 649407.5 ], [ 2173538.127114580478519, 649402.5 ], [ 2173537.5112095605582, 649397.5 ], [ 2173537.5, 649397.391580970608629 ], [ 2173536.495899914763868, 649392.5 ], [ 2173535.447217603679746, 649387.5 ], [ 2173534.446346987970173, 649382.5 ], [ 2173533.583608040586114, 649377.5 ], [ 2173532.690669907722622, 649372.5 ], [ 2173532.5, 649371.651996369240806 ], [ 2173531.349391473922879, 649367.5 ], [ 2173530.097205459605902, 649362.5 ], [ 2173528.918551621958613, 649357.5 ], [ 2173527.66401850245893, 649352.5 ], [ 2173527.5, 649351.951315725804307 ], [ 2173525.655025737825781, 649347.5 ], [ 2173523.518752679694444, 649342.5 ], [ 2173522.5, 649340.559821013594046 ], [ 2173520.186451333109289, 649337.5 ], [ 2173517.5, 649335.193423107615672 ], [ 2173512.5, 649332.579143208335154 ], [ 2173512.26541314413771, 649332.5 ], [ 2173507.5, 649331.308426288771443 ], [ 2173502.5, 649329.359337449423037 ], [ 2173499.456416813191026, 649327.5 ], [ 2173497.5, 649326.643588466453366 ], [ 2173492.5, 649324.37214896210935 ], [ 2173488.58493062434718, 649322.5 ], [ 2173487.5, 649322.100868995999917 ], [ 2173482.5, 649320.130073161446489 ], [ 2173477.598734552040696, 649317.5 ], [ 2173477.5, 649317.455868612742051 ], [ 2173472.5, 649315.572950234636664 ], [ 2173467.5, 649313.967728013172746 ], [ 2173463.437941994518042, 649312.5 ], [ 2173462.5, 649312.231886308058165 ], [ 2173457.5, 649310.470656216726638 ], [ 2173452.5, 649308.265517771011218 ], [ 2173450.727873921860009, 649307.5 ], [ 2173447.5, 649306.409408413222991 ], [ 2173442.5, 649304.663875987753272 ], [ 2173437.607172453776002, 649302.5 ], [ 2173437.5, 649302.455904385424219 ], [ 2173432.5, 649300.369546994566917 ], [ 2173427.5, 649298.215369075303897 ], [ 2173425.602136660832912, 649297.5 ], [ 2173422.5, 649296.327110622893088 ], [ 2173417.5, 649294.582107881898992 ], [ 2173413.479453820269555, 649292.5 ], [ 2173412.5, 649291.904445549589582 ], [ 2173407.772525087930262, 649287.5 ], [ 2173407.5, 649287.226783859776333 ], [ 2173402.5, 649283.080135448253714 ], [ 2173401.264889028389007, 649282.5 ], [ 2173397.5, 649281.293659750721417 ] ], [ [ 2173439.496671133674681, 649817.5 ], [ 2173442.5, 649820.703110376489349 ], [ 2173443.234399328473955, 649822.5 ], [ 2173442.5, 649824.833778634783812 ], [ 2173440.979350402951241, 649827.5 ], [ 2173437.5, 649829.337998955044895 ], [ 2173432.5, 649828.588218291755766 ], [ 2173431.269121162593365, 649827.5 ], [ 2173430.226783022284508, 649822.5 ], [ 2173432.5, 649818.55888263171073 ], [ 2173434.507920409087092, 649817.5 ], [ 2173437.5, 649816.595926457899623 ], [ 2173439.496671133674681, 649817.5 ] ], [ [ 2173542.5, 649687.071437459322624 ], [ 2173537.5, 649686.805683290935121 ], [ 2173536.892256987746805, 649687.5 ], [ 2173535.46965884976089, 649692.5 ], [ 2173535.128992441110313, 649697.5 ], [ 2173535.101079901214689, 649702.5 ], [ 2173535.438548022415489, 649707.5 ], [ 2173536.639899588190019, 649712.5 ], [ 2173537.5, 649714.166681509348564 ], [ 2173542.5, 649715.702444608788937 ], [ 2173545.607001059222966, 649712.5 ], [ 2173547.5, 649710.660073111415841 ], [ 2173549.173753105569631, 649707.5 ], [ 2173552.001671724021435, 649702.5 ], [ 2173552.5, 649701.241517621208914 ], [ 2173553.127122095320374, 649697.5 ], [ 2173552.815331106539816, 649692.5 ], [ 2173552.5, 649691.550488210166804 ], [ 2173547.5, 649687.749828619067557 ], [ 2173546.117314436938614, 649687.5 ], [ 2173542.5, 649687.071437459322624 ] ], [ [ 2173527.5, 649663.355890898150392 ], [ 2173526.716488980222493, 649667.5 ], [ 2173527.5, 649669.236278555938043 ], [ 2173528.909269464202225, 649667.5 ], [ 2173527.5, 649663.355890898150392 ] ] ] } },
{ "type": "Feature", "properties": { "fid": 5, "time": "2021-01-01", "year": 2021 }, "geometry": { "type": "MultiLineString", "coordinates": [ [ [ 2173382.5, 649282.367998458212242 ], [ 2173377.5, 649282.044123665080406 ], [ 2173372.5, 649282.015564654255286 ], [ 2173367.5, 649281.939410909777507 ], [ 2173362.5, 649281.461993713630363 ], [ 2173357.5, 649280.587650508852676 ], [ 2173352.5, 649279.811709264060482 ], [ 2173347.5, 649279.504208910278976 ], [ 2173342.5, 649279.692535968264565 ], [ 2173337.5, 649280.207630200660788 ], [ 2173332.5, 649280.783329866593704 ], [ 2173327.5, 649281.25004791514948 ], [ 2173322.5, 649281.507617685361765 ], [ 2173317.5, 649281.590723678935319 ], [ 2173312.5, 649281.668316313880496 ], [ 2173307.5, 649282.040608230861835 ], [ 2173305.352944892831147, 649282.5 ], [ 2173302.5, 649283.325064231990837 ], [ 2173297.5, 649285.581892174086533 ], [ 2173294.084081260953099, 649287.5 ], [ 2173292.5, 649288.572152297245339 ], [ 2173287.5, 649292.147087942459621 ], [ 2173287.088822606485337, 649292.5 ], [ 2173282.5, 649296.641785030602477 ], [ 2173281.609829408116639, 649297.5 ], [ 2173277.5, 649301.377241840353236 ], [ 2173276.343291680328548, 649302.5 ], [ 2173272.5, 649306.784700651071034 ], [ 2173271.954633710440248, 649307.5 ], [ 2173269.090892122127116, 649312.5 ], [ 2173267.5, 649315.570688406121917 ], [ 2173266.722994364332408, 649317.5 ], [ 2173264.981934384442866, 649322.5 ], [ 2173262.808271632995456, 649327.5 ], [ 2173262.5, 649328.08746805251576 ], [ 2173260.46869410155341, 649332.5 ], [ 2173257.5, 649337.238846070016734 ], [ 2173257.33214162196964, 649337.5 ], [ 2173254.04677626863122, 649342.5 ], [ 2173252.5, 649344.637552960426547 ], [ 2173250.677751820068806, 649347.5 ], [ 2173247.58616122789681, 649352.5 ], [ 2173247.5, 649352.674598473007791 ], [ 2173245.854905824642628, 649357.5 ], [ 2173244.857856822665781, 649362.5 ], [ 2173244.003821670077741, 649367.5 ], [ 2173242.960452433209866, 649372.5 ], [ 2173242.5, 649374.54246701032389 ], [ 2173242.001358684152365, 649377.5 ], [ 2173241.216163270641118, 649382.5 ], [ 2173240.513915211893618, 649387.5 ], [ 2173239.956417420879006, 649392.5 ], [ 2173239.653603174723685, 649397.5 ], [ 2173239.685086198151112, 649402.5 ], [ 2173240.036753195803612, 649407.5 ], [ 2173240.625667799729854, 649412.5 ], [ 2173241.357944508548826, 649417.5 ], [ 2173242.189528620801866, 649422.5 ], [ 2173242.5, 649424.111457904567942 ], [ 2173243.353833470493555, 649427.5 ], [ 2173244.684080210048705, 649432.5 ], [ 2173246.036650620400906, 649437.5 ], [ 2173247.293463168665767, 649442.5 ], [ 2173247.5, 649443.535661869449541 ], [ 2173248.447796298656613, 649447.5 ], [ 2173249.272961655166, 649452.5 ], [ 2173250.096553563140333, 649457.5 ], [ 2173251.141897560097277, 649462.5 ], [ 2173252.5, 649467.208969265804626 ], [ 2173252.610668140929192, 649467.5 ], [ 2173254.746814947109669, 649472.5 ], [ 2173256.440628158859909, 649477.5 ], [ 2173257.5, 649481.849082672619261 ], [ 2173257.699356833472848, 649482.5 ], [ 2173258.530373945366591, 649487.5 ], [ 2173259.02541613811627, 649492.5 ], [ 2173259.918294569477439, 649497.5 ], [ 2173261.408221284393221, 649502.5 ], [ 2173262.5, 649505.131112859584391 ], [ 2173263.700943770818412, 649507.5 ], [ 2173266.330183350015432, 649512.5 ], [ 2173267.5, 649515.047115024528466 ], [ 2173268.750783922616392, 649517.5 ], [ 2173270.650427464861423, 649522.5 ], [ 2173272.175664496608078, 649527.5 ], [ 2173272.5, 649528.591755493427627 ], [ 2173274.055490044411272, 649532.5 ], [ 2173275.788598460610956, 649537.5 ], [ 2173277.287266508676112, 649542.5 ], [ 2173277.5, 649543.277336688246578 ], [ 2173278.833075209986418, 649547.5 ], [ 2173279.919811701402068, 649552.5 ], [ 2173280.657059896271676, 649557.5 ], [ 2173281.197845125570893, 649562.5 ], [ 2173281.660390611272305, 649567.5 ], [ 2173282.240128790028393, 649572.5 ], [ 2173282.5, 649573.794476756709628 ], [ 2173283.495254769921303, 649577.5 ], [ 2173285.121345181018114, 649582.5 ], [ 2173286.591514293570071, 649587.5 ], [ 2173287.5, 649591.177219410310499 ], [ 2173287.904162441845983, 649592.5 ], [ 2173289.011435114312917, 649597.5 ], [ 2173289.76885684998706, 649602.5 ], [ 2173290.39352397993207, 649607.5 ], [ 2173290.987726354971528, 649612.5 ], [ 2173291.61866339482367, 649617.5 ], [ 2173292.366913903970271, 649622.5 ], [ 2173292.5, 649623.200804792577401 ], [ 2173293.668458936735988, 649627.5 ], [ 2173295.101130435243249, 649632.5 ], [ 2173296.415953205898404, 649637.5 ], [ 2173297.478312000632286, 649642.5 ], [ 2173297.5, 649642.646535289590247 ], [ 2173298.598205090966076, 649647.5 ], [ 2173299.446457444224507, 649652.5 ], [ 2173300.547214706428349, 649657.5 ], [ 2173302.276502438820899, 649662.5 ], [ 2173302.5, 649662.873902489198372 ], [ 2173305.911650347523391, 649667.5 ], [ 2173307.5, 649669.408811471774243 ], [ 2173309.933398498687893, 649672.5 ], [ 2173312.5, 649676.222899812506512 ], [ 2173313.448093453422189, 649677.5 ], [ 2173316.614372026175261, 649682.5 ], [ 2173317.5, 649684.209490430075675 ], [ 2173319.291993643622845, 649687.5 ], [ 2173321.183497341815382, 649692.5 ], [ 2173322.44185798522085, 649697.5 ], [ 2173322.5, 649697.809096401324496 ], [ 2173323.684971157461405, 649702.5 ], [ 2173324.633451359346509, 649707.5 ], [ 2173325.615696822758764, 649712.5 ], [ 2173327.043630425818264, 649717.5 ], [ 2173327.5, 649718.665445410762914 ], [ 2173329.315448419656605, 649722.5 ], [ 2173331.510432256385684, 649727.5 ], [ 2173332.5, 649730.025138842407614 ], [ 2173333.654011067934334, 649732.5 ], [ 2173335.497234192676842, 649737.5 ], [ 2173336.967721202410758, 649742.5 ], [ 2173337.5, 649744.40749817842152 ], [ 2173338.573704752139747, 649747.5 ], [ 2173340.125129074789584, 649752.5 ], [ 2173341.632349065970629, 649757.5 ], [ 2173342.5, 649760.404707420500927 ], [ 2173343.296069311909378, 649762.5 ], [ 2173344.862483058124781, 649767.5 ], [ 2173346.073043538723141, 649772.5 ], [ 2173347.081900639459491, 649777.5 ], [ 2173347.5, 649779.610073021380231 ], [ 2173348.210370108950883, 649782.5 ], [ 2173349.519055287353694, 649787.5 ], [ 2173350.767622548155487, 649792.5 ], [ 2173351.79478797595948, 649797.5 ], [ 2173352.5, 649801.390857980470173 ], [ 2173352.764882564079016, 649802.5 ], [ 2173354.108757525682449, 649807.5 ], [ 2173355.894969343207777, 649812.5 ], [ 2173357.5, 649815.533004122436978 ], [ 2173358.867161656264216, 649817.5 ], [ 2173362.353382178582251, 649822.5 ], [ 2173362.5, 649822.716647714958526 ], [ 2173365.829163293354213, 649827.5 ], [ 2173367.5, 649830.640409077750519 ], [ 2173368.517607024405152, 649832.5 ], [ 2173370.52152713527903, 649837.5 ], [ 2173371.912638923153281, 649842.5 ], [ 2173372.5, 649844.748322169412859 ], [ 2173373.44584806682542, 649847.5 ], [ 2173375.164170797914267, 649852.5 ], [ 2173376.941581816412508, 649857.5 ], [ 2173377.5, 649858.996320722391829 ], [ 2173379.096494073513895, 649862.5 ], [ 2173380.654237068258226, 649867.5 ], [ 2173381.753942986018956, 649872.5 ], [ 2173382.5, 649876.146285715163685 ], [ 2173382.880831139627844, 649877.5 ], [ 2173384.492708253674209, 649882.5 ], [ 2173386.450924036558717, 649887.5 ], [ 2173387.5, 649890.076111841015518 ], [ 2173388.605387103743851, 649892.5 ], [ 2173390.15019547753036, 649897.5 ], [ 2173391.130025270394981, 649902.5 ], [ 2173391.947832188103348, 649907.5 ], [ 2173392.5, 649910.789179500658065 ], [ 2173392.93292337981984, 649912.5 ], [ 2173394.278865308035165, 649917.5 ], [ 2173395.770583728328347, 649922.5 ], [ 2173397.5, 649926.987734396127053 ], [ 2173397.775402965955436, 649927.5 ], [ 2173400.682289140298963, 649932.5 ], [ 2173402.5, 649936.267563813831657 ], [ 2173403.202424650080502, 649937.5 ], [ 2173405.623551272787154, 649942.5 ], [ 2173407.244836946483701, 649947.5 ], [ 2173407.5, 649948.490277545643039 ], [ 2173408.948908769991249, 649952.5 ], [ 2173410.429525953251868, 649957.5 ], [ 2173411.900388359092176, 649962.5 ], [ 2173412.5, 649964.148078481084667 ], [ 2173414.182544289156795, 649967.5 ], [ 2173416.7021748800762, 649972.5 ], [ 2173417.5, 649974.02203835058026 ], [ 2173419.759530717041343, 649977.5 ], [ 2173422.5, 649982.270371260121465 ], [ 2173422.678299373947084, 649982.5 ], [ 2173426.528376508969814, 649987.5 ], [ 2173427.5, 649988.820967776235193 ], [ 2173430.843061232939363, 649992.5 ], [ 2173432.5, 649994.176263076835312 ], [ 2173436.324370098765939, 649997.5 ], [ 2173437.5, 649998.2871660675155 ], [ 2173442.5, 650001.172254397068173 ], [ 2173444.825019686482847, 650002.5 ], [ 2173447.5, 650003.663466564612463 ], [ 2173452.5, 650005.99742665886879 ], [ 2173455.349070580676198, 650007.5 ], [ 2173457.5, 650008.479053237359039 ], [ 2173462.5, 650011.130375127657317 ], [ 2173464.614437653217465, 650012.5 ], [ 2173467.5, 650014.164169082301669 ], [ 2173471.945822003763169, 650017.5 ], [ 2173472.5, 650017.929663323215209 ], [ 2173477.237928868737072, 650022.5 ], [ 2173477.5, 650022.75813012314029 ], [ 2173482.379049965180457, 650027.5 ], [ 2173482.5, 650027.599646169459447 ], [ 2173487.5, 650031.062151819001883 ], [ 2173489.751314549241215, 650032.5 ], [ 2173492.5, 650033.774921125150286 ], [ 2173497.5, 650036.184374343254603 ], [ 2173499.845271838828921, 650037.5 ], [ 2173502.5, 650038.674029810586944 ], [ 2173507.5, 650040.897558177006431 ], [ 2173510.823969982098788, 650042.5 ], [ 2173512.5, 650043.135077981394716 ], [ 2173517.5, 650045.30099868751131 ], [ 2173520.93029853515327, 650047.5 ], [ 2173522.5, 650048.401123426156119 ], [ 2173527.5, 650052.427136986749247 ], [ 2173527.577116078231484, 650052.5 ], [ 2173532.464473040308803, 650057.5 ], [ 2173532.5, 650057.54283042694442 ], [ 2173536.733267329167575, 650062.5 ], [ 2173537.5, 650063.678646504296921 ], [ 2173540.571593453641981, 650067.5 ], [ 2173542.5, 650071.447175925481133 ], [ 2173543.086820105556399, 650072.5 ], [ 2173545.177834392990917, 650077.5 ], [ 2173546.683012114837766, 650082.5 ], [ 2173547.5, 650085.018028595019132 ], [ 2173548.595893789082766, 650087.5 ], [ 2173550.65829567424953, 650092.5 ], [ 2173552.305458631366491, 650097.5 ], [ 2173552.5, 650098.015865575172938 ], [ 2173554.819330163765699, 650102.5 ], [ 2173557.436702353879809, 650107.5 ], [ 2173557.5, 650107.594798560719937 ], [ 2173562.129590005148202, 650112.5 ], [ 2173562.5, 650112.863787530106492 ], [ 2173567.5, 650116.94719649781473 ], [ 2173568.244988861028105, 650117.5 ], [ 2173572.5, 650120.265439500217326 ], [ 2173575.859217996243387, 650122.5 ], [ 2173577.5, 650123.3519014705671 ], [ 2173582.5, 650125.17090524698142 ], [ 2173587.5, 650125.885251800180413 ], [ 2173592.5, 650125.104664860060439 ], [ 2173597.5, 650122.882104996591806 ], [ 2173598.084743176121265, 650122.5 ], [ 2173602.5, 650119.268586661550216 ], [ 2173605.041018877178431, 650117.5 ], [ 2173607.5, 650115.456420730915852 ], [ 2173611.242065652739257, 650112.5 ], [ 2173612.5, 650111.13677947234828 ], [ 2173615.482212202623487, 650107.5 ], [ 2173617.5, 650103.958961602300406 ], [ 2173618.129856567364186, 650102.5 ], [ 2173619.17182687157765, 650097.5 ], [ 2173619.498124255333096, 650092.5 ], [ 2173619.201060264836997, 650087.5 ], [ 2173618.230430272873491, 650082.5 ], [ 2173617.5, 650080.454075449495576 ], [ 2173616.173119206447154, 650077.5 ], [ 2173613.102377025876194, 650072.5 ], [ 2173612.5, 650071.738643553457223 ], [ 2173608.706229889299721, 650067.5 ], [ 2173607.5, 650066.227906887885183 ], [ 2173603.808328407350928, 650062.5 ], [ 2173602.5, 650061.002060135593638 ], [ 2173599.328725752420723, 650057.5 ], [ 2173597.5, 650054.735458746319637 ], [ 2173595.800033484119922, 650052.5 ], [ 2173593.110785413067788, 650047.5 ], [ 2173592.5, 650045.77289038116578 ], [ 2173590.762029571458697, 650042.5 ], [ 2173589.296237764880061, 650037.5 ], [ 2173588.33278177306056, 650032.5 ], [ 2173587.536259368527681, 650027.5 ], [ 2173587.5, 650027.280878704041243 ], [ 2173586.286641188431531, 650022.5 ], [ 2173585.079086143057793, 650017.5 ], [ 2173583.869152371771634, 650012.5 ], [ 2173582.5, 650007.775384816341102 ], [ 2173582.344252579845488, 650007.5 ], [ 2173579.235771269071847, 650002.5 ], [ 2173577.5, 649998.376269864034839 ], [ 2173577.045817702077329, 649997.5 ], [ 2173574.89687417820096, 649992.5 ], [ 2173573.355492938775569, 649987.5 ], [ 2173572.5, 649984.525513008818962 ], [ 2173571.419904830399901, 649982.5 ], [ 2173569.20906904200092, 649977.5 ], [ 2173567.672241515014321, 649972.5 ], [ 2173567.5, 649971.817824816447683 ], [ 2173565.914201773703098, 649967.5 ], [ 2173564.585103121120483, 649962.5 ], [ 2173563.500442904885858, 649957.5 ], [ 2173562.536823654547334, 649952.5 ], [ 2173562.5, 649952.346540668979287 ], [ 2173558.916216568090022, 649947.5 ], [ 2173557.5, 649946.110181668889709 ], [ 2173552.5, 649945.909843193832785 ], [ 2173548.460843053646386, 649947.5 ], [ 2173547.5, 649948.048104920308106 ], [ 2173543.978865851182491, 649952.5 ], [ 2173542.5, 649953.726685663801618 ], [ 2173539.304633781313896, 649957.5 ], [ 2173537.5, 649958.670191159937531 ], [ 2173532.5, 649961.491531138191931 ], [ 2173530.127485489938408, 649962.5 ], [ 2173527.5, 649963.692190069006756 ], [ 2173522.5, 649966.000709168380126 ], [ 2173519.689985647797585, 649967.5 ], [ 2173517.5, 649969.105442524887621 ], [ 2173512.5, 649971.704544535255991 ], [ 2173509.889370120130479, 649972.5 ], [ 2173507.5, 649973.201090831891634 ], [ 2173502.5, 649974.492522106738761 ], [ 2173497.5, 649975.673238911083899 ], [ 2173492.5, 649976.086125254863873 ], [ 2173487.5, 649975.425446187378839 ], [ 2173482.5, 649973.664062265539542 ], [ 2173480.500796764157712, 649972.5 ], [ 2173477.5, 649970.796025646966882 ], [ 2173473.823926176410168, 649967.5 ], [ 2173472.5, 649966.057697459124029 ], [ 2173469.932894927915186, 649962.5 ], [ 2173467.5, 649958.627969272318296 ], [ 2173466.703298762440681, 649957.5 ], [ 2173462.5, 649953.046148456982337 ], [ 2173461.713838370982558, 649952.5 ], [ 2173457.5, 649950.253826778614894 ], [ 2173452.5, 649947.596963178599253 ], [ 2173452.346340290736407, 649947.5 ], [ 2173447.5, 649943.59088421438355 ], [ 2173446.442819545511156, 649942.5 ], [ 2173443.159630951005965, 649937.5 ], [ 2173442.5, 649936.227796349907294 ], [ 2173440.505136343184859, 649932.5 ], [ 2173438.30995512008667, 649927.5 ], [ 2173437.5, 649925.657767514232546 ], [ 2173436.062991376034915, 649922.5 ], [ 2173434.170816324651241, 649917.5 ], [ 2173433.014017650857568, 649912.5 ], [ 2173432.802388858050108, 649907.5 ], [ 2173434.647731189150363, 649902.5 ], [ 2173437.5, 649899.845323095447384 ], [ 2173442.5, 649899.152768661384471 ], [ 2173447.5, 649900.977566828252748 ], [ 2173449.418340066913515, 649902.5 ], [ 2173452.5, 649904.750275605474599 ], [ 2173455.839551150798798, 649907.5 ], [ 2173457.5, 649908.731413151952438 ], [ 2173462.5, 649912.331855551572517 ], [ 2173462.785068539902568, 649912.5 ], [ 2173467.5, 649915.124295399873517 ], [ 2173472.5, 649916.100618090596981 ], [ 2173476.13698944915086, 649912.5 ], [ 2173477.5, 649910.458927963278256 ], [ 2173478.709133897442371, 649907.5 ], [ 2173482.236857684329152, 649902.5 ], [ 2173482.5, 649902.251924571930431 ], [ 2173487.5, 649898.981532722013071 ], [ 2173492.446174759417772, 649897.5 ], [ 2173492.5, 649897.480712109943852 ], [ 2173497.5, 649896.775260737282224 ], [ 2173502.5, 649895.849575580912642 ], [ 2173505.765532430261374, 649892.5 ], [ 2173507.5, 649888.718973920098506 ], [ 2173507.868418998550624, 649887.5 ], [ 2173509.616211991757154, 649882.5 ], [ 2173512.5, 649877.617973636486568 ], [ 2173512.595603703521192, 649877.5 ], [ 2173516.338245031423867, 649872.5 ], [ 2173512.5, 649870.333404096309096 ], [ 2173507.5, 649870.741550728795119 ], [ 2173502.5, 649869.736095428699628 ], [ 2173498.680703754536808, 649867.5 ], [ 2173497.5, 649866.90319179254584 ], [ 2173492.825285082217306, 649862.5 ], [ 2173492.5, 649862.115519526763819 ], [ 2173489.165089750196785, 649857.5 ], [ 2173487.5, 649853.422784718219191 ], [ 2173486.701499191112816, 649852.5 ], [ 2173484.772122322116047, 649847.5 ], [ 2173485.76748533686623, 649842.5 ], [ 2173487.5, 649840.264768119668588 ], [ 2173489.167062364984304, 649837.5 ], [ 2173492.5, 649834.68083919188939 ], [ 2173497.5, 649833.159209841862321 ], [ 2173502.5, 649833.371964805875905 ], [ 2173507.5, 649834.864641870837659 ], [ 2173510.946431064978242, 649837.5 ], [ 2173512.5, 649839.382985718664713 ], [ 2173514.669280357193202, 649842.5 ], [ 2173516.600849487353116, 649847.5 ], [ 2173517.5, 649851.196935327257961 ], [ 2173518.266726299654692, 649852.5 ], [ 2173519.238506657537073, 649857.5 ], [ 2173518.11379627790302, 649862.5 ], [ 2173517.5, 649864.221809694892727 ], [ 2173516.102550419513136, 649867.5 ], [ 2173517.5, 649870.631541829206981 ], [ 2173522.5, 649869.490071780630387 ], [ 2173527.5, 649870.418702548136935 ], [ 2173532.5, 649872.300501721445471 ], [ 2173534.803441946860403, 649872.5 ], [ 2173537.5, 649872.621502590714954 ], [ 2173538.137160680256784, 649872.5 ], [ 2173542.5, 649871.129691523034126 ], [ 2173547.5, 649868.157061615725979 ], [ 2173547.95162789709866, 649867.5 ], [ 2173549.091046524699777, 649862.5 ], [ 2173548.889023295603693, 649857.5 ], [ 2173548.346793100703508, 649852.5 ], [ 2173547.5, 649848.198766938992776 ], [ 2173547.18487693881616, 649847.5 ], [ 2173542.5, 649843.168701860238798 ], [ 2173540.598421303089708, 649842.5 ], [ 2173537.5, 649841.753534252755344 ], [ 2173532.5, 649840.056675659841858 ], [ 2173529.098461016546935, 649837.5 ], [ 2173527.5, 649836.209598992601968 ], [ 2173523.955399911850691, 649832.5 ], [ 2173522.5, 649830.031022179988213 ], [ 2173521.059526408556849, 649827.5 ], [ 2173520.732814486138523, 649822.5 ], [ 2173522.5, 649818.186660597100854 ], [ 2173522.773100909311324, 649817.5 ], [ 2173527.5, 649812.505874809459783 ], [ 2173527.506815820932388, 649812.5 ], [ 2173532.5, 649809.473242980311625 ], [ 2173537.5, 649807.65444030915387 ], [ 2173538.162772899493575, 649807.5 ], [ 2173542.5, 649806.17760304780677 ], [ 2173547.5, 649805.272301263757981 ], [ 2173551.728433666285127, 649802.5 ], [ 2173552.5, 649801.184370928443968 ], [ 2173553.386514150071889, 649797.5 ], [ 2173554.371173795778304, 649792.5 ], [ 2173555.541426812764257, 649787.5 ], [ 2173556.913889935705811, 649782.5 ], [ 2173557.5, 649780.4115452474216 ], [ 2173558.144941835198551, 649777.5 ], [ 2173559.152146516367793, 649772.5 ], [ 2173559.791839587502182, 649767.5 ], [ 2173559.831498262006789, 649762.5 ], [ 2173559.386934651527554, 649757.5 ], [ 2173558.814120186027139, 649752.5 ], [ 2173558.241375376936048, 649747.5 ], [ 2173557.5, 649742.557833984843455 ], [ 2173557.474878008011729, 649742.5 ], [ 2173553.362892719916999, 649737.5 ], [ 2173552.5, 649736.706491535413079 ], [ 2173550.925473097711802, 649737.5 ], [ 2173547.5, 649738.446767318877392 ], [ 2173542.5, 649740.583662509103306 ], [ 2173537.5, 649742.238865994499065 ], [ 2173535.709961895365268, 649742.5 ], [ 2173532.5, 649743.305262127309106 ], [ 2173527.5, 649742.663053612806834 ], [ 2173527.123215314466506, 649742.5 ], [ 2173522.5, 649741.646919815684669 ], [ 2173517.5, 649741.62191483436618 ], [ 2173512.995071808807552, 649742.5 ], [ 2173512.5, 649742.660265629179776 ], [ 2173507.5, 649746.19682558090426 ], [ 2173506.351320901885629, 649747.5 ], [ 2173505.765279049053788, 649752.5 ], [ 2173505.33738703886047, 649757.5 ], [ 2173504.922435506712645, 649762.5 ], [ 2173507.5, 649767.152751083485782 ], [ 2173507.702627600170672, 649767.5 ], [ 2173512.430124539881945, 649772.5 ], [ 2173512.5, 649772.569377387873828 ], [ 2173516.080154064577073, 649777.5 ], [ 2173517.5, 649780.926568444818258 ], [ 2173518.18058656482026, 649782.5 ], [ 2173519.017155558336526, 649787.5 ], [ 2173518.32639306364581, 649792.5 ], [ 2173517.5, 649794.095620417967439 ], [ 2173515.576501798816025, 649797.5 ], [ 2173512.5, 649800.032926453393884 ], [ 2173507.5, 649802.0569639489986 ], [ 2173503.486652459017932, 649802.5 ], [ 2173502.5, 649802.640300939790905 ], [ 2173501.246674552559853, 649802.5 ], [ 2173497.5, 649802.181669745943509 ], [ 2173492.5, 649800.728671049699187 ], [ 2173487.5, 649797.698477844707668 ], [ 2173487.197783721145242, 649797.5 ], [ 2173482.5, 649792.78114236111287 ], [ 2173482.223154320381582, 649792.5 ], [ 2173479.807866072282195, 649787.5 ], [ 2173479.65973491454497, 649782.5 ], [ 2173480.802002708427608, 649777.5 ], [ 2173482.5, 649773.375807475298643 ], [ 2173482.912424824666232, 649772.5 ], [ 2173485.494424033910036, 649767.5 ], [ 2173487.06399804726243, 649762.5 ], [ 2173487.208700447808951, 649757.5 ], [ 2173487.037750354968011, 649752.5 ], [ 2173486.802104448433965, 649747.5 ], [ 2173485.931425416376442, 649742.5 ], [ 2173483.191016534809023, 649737.5 ], [ 2173482.5, 649736.92711835692171 ], [ 2173477.5, 649734.566535565187223 ], [ 2173472.5, 649733.582195407361723 ], [ 2173467.5, 649733.019211305771023 ], [ 2173463.277958367951214, 649732.5 ], [ 2173462.5, 649732.409401030628942 ], [ 2173457.5, 649731.399624554323964 ], [ 2173452.5, 649729.030712992767803 ], [ 2173450.7160585350357, 649727.5 ], [ 2173447.71588295372203, 649722.5 ], [ 2173447.5, 649721.588597572525032 ], [ 2173446.59255366679281, 649717.5 ], [ 2173446.1237838184461, 649712.5 ], [ 2173445.543450521770865, 649707.5 ], [ 2173444.085077750030905, 649702.5 ], [ 2173442.5, 649699.344556030933745 ], [ 2173441.406440190505236, 649697.5 ], [ 2173438.130952739622444, 649692.5 ], [ 2173437.5, 649691.575464925612323 ], [ 2173434.708171090111136, 649687.5 ], [ 2173432.5, 649684.093528599361889 ], [ 2173431.498503843788058, 649682.5 ], [ 2173428.483780165202916, 649677.5 ], [ 2173427.5, 649675.939849645015784 ], [ 2173425.318399198353291, 649672.5 ], [ 2173422.5, 649668.022755347890779 ], [ 2173422.148491111584008, 649667.5 ], [ 2173418.921903871465474, 649662.5 ], [ 2173417.5, 649660.154048449941911 ], [ 2173415.533521516248584, 649657.5 ], [ 2173412.5, 649653.735657964251004 ], [ 2173411.156158327125013, 649652.5 ], [ 2173407.5, 649649.114523463998921 ], [ 2173405.676519189495593, 649647.5 ], [ 2173402.5, 649643.883310085511766 ], [ 2173401.391272021923214, 649642.5 ], [ 2173398.154315436724573, 649637.5 ], [ 2173397.5, 649636.508377252379432 ], [ 2173394.648428357671946, 649632.5 ], [ 2173392.5, 649629.722538397065364 ], [ 2173390.652377077378333, 649627.5 ], [ 2173387.5, 649623.47791834466625 ], [ 2173386.812605660874397, 649622.5 ], [ 2173384.104800323024392, 649617.5 ], [ 2173382.769260461442173, 649612.5 ], [ 2173382.5, 649610.463469640701078 ], [ 2173382.099483800120652, 649607.5 ], [ 2173381.366710673086345, 649602.5 ], [ 2173380.193108273204416, 649597.5 ], [ 2173378.386152318213135, 649592.5 ], [ 2173377.5, 649590.611379140522331 ], [ 2173375.794211146421731, 649587.5 ], [ 2173373.376106360927224, 649582.5 ], [ 2173372.5, 649580.102662285440601 ], [ 2173371.513835409656167, 649577.5 ], [ 2173370.2593775652349, 649572.5 ], [ 2173369.222140516620129, 649567.5 ], [ 2173367.807303903158754, 649562.5 ], [ 2173367.5, 649561.742079406511039 ], [ 2173365.399584693368524, 649557.5 ], [ 2173362.585245882626623, 649552.5 ], [ 2173362.5, 649552.350749328965321 ], [ 2173359.655635828152299, 649547.5 ], [ 2173357.761764937080443, 649542.5 ], [ 2173357.5, 649541.457572291954421 ], [ 2173356.466443940997124, 649537.5 ], [ 2173355.339348495472223, 649532.5 ], [ 2173353.775445906911045, 649527.5 ], [ 2173352.5, 649525.133533464395441 ], [ 2173350.76775317452848, 649522.5 ], [ 2173347.5, 649518.949927628156729 ], [ 2173346.07896697986871, 649517.5 ], [ 2173342.5, 649514.116265329648741 ], [ 2173340.939065594691783, 649512.5 ], [ 2173337.5, 649508.877088677487336 ], [ 2173336.223517906852067, 649507.5 ], [ 2173332.5, 649503.013287722249515 ], [ 2173332.101919152308255, 649502.5 ], [ 2173329.185393819119781, 649497.5 ], [ 2173327.668502231128514, 649492.5 ], [ 2173327.5, 649491.218045996618457 ], [ 2173326.974386789370328, 649487.5 ], [ 2173326.708000103011727, 649482.5 ], [ 2173326.380729933734983, 649477.5 ], [ 2173325.310073528904468, 649472.5 ], [ 2173323.205130436923355, 649467.5 ], [ 2173322.5, 649466.068470393423922 ], [ 2173320.73212523618713, 649462.5 ], [ 2173319.122896800749004, 649457.5 ], [ 2173318.786945555359125, 649452.5 ], [ 2173319.427097625564784, 649447.5 ], [ 2173320.474990570452064, 649442.5 ], [ 2173322.02544077578932, 649437.5 ], [ 2173322.5, 649436.578246994991787 ], [ 2173326.252807047218084, 649432.5 ], [ 2173327.5, 649431.651943660457619 ], [ 2173332.5, 649431.086795582668856 ], [ 2173337.5, 649432.165213156142272 ], [ 2173338.304534457623959, 649432.5 ], [ 2173342.5, 649434.04855136864353 ], [ 2173347.5, 649436.497668340452947 ], [ 2173349.208750924561173, 649437.5 ], [ 2173352.5, 649439.160317180329002 ], [ 2173357.5, 649442.024301143945195 ], [ 2173358.24314540438354, 649442.5 ], [ 2173362.5, 649444.745064848801121 ], [ 2173367.230780945159495, 649447.5 ], [ 2173367.5, 649447.642206518677995 ], [ 2173372.5, 649449.96856852248311 ], [ 2173377.5, 649451.842740223859437 ], [ 2173379.876830198802054, 649452.5 ], [ 2173382.5, 649453.15085101861041 ], [ 2173387.5, 649455.252140082069673 ], [ 2173390.222093617543578, 649457.5 ], [ 2173392.5, 649459.902272685896605 ], [ 2173394.401237507816404, 649462.5 ], [ 2173396.925592835992575, 649467.5 ], [ 2173397.5, 649468.764173901174217 ], [ 2173399.739332191646099, 649472.5 ], [ 2173402.5, 649475.732348578749225 ], [ 2173404.957101534120739, 649477.5 ], [ 2173407.5, 649479.019142820499837 ], [ 2173412.5, 649481.508286524331197 ], [ 2173413.919415414333344, 649482.5 ], [ 2173417.5, 649485.544787410181016 ], [ 2173419.171010722406209, 649487.5 ], [ 2173422.5, 649491.805061732884496 ], [ 2173423.017983345780522, 649492.5 ], [ 2173426.73134289495647, 649497.5 ], [ 2173427.5, 649498.512538980110548 ], [ 2173430.223922894336283, 649502.5 ], [ 2173432.5, 649506.075893253902905 ], [ 2173433.467527928762138, 649507.5 ], [ 2173436.603963549248874, 649512.5 ], [ 2173437.5, 649514.081171583617106 ], [ 2173439.4432377894409, 649517.5 ], [ 2173441.670802060514688, 649522.5 ], [ 2173442.5, 649524.414054112159647 ], [ 2173443.984773216769099, 649527.5 ], [ 2173446.628793296404183, 649532.5 ], [ 2173447.5, 649534.123260974301957 ], [ 2173449.824336009565741, 649537.5 ], [ 2173452.5, 649542.039721179753542 ], [ 2173452.846515371929854, 649542.5 ], [ 2173453.918273030780256, 649547.5 ], [ 2173452.564457902684808, 649552.5 ], [ 2173452.5, 649552.758261235314421 ], [ 2173451.710419536102563, 649557.5 ], [ 2173451.854108390863985, 649562.5 ], [ 2173452.5, 649565.839161364478059 ], [ 2173452.887025510892272, 649567.5 ], [ 2173454.743291511200368, 649572.5 ], [ 2173456.790617543738335, 649577.5 ], [ 2173457.5, 649579.101314899860881 ], [ 2173459.059932933654636, 649582.5 ], [ 2173461.103609306737781, 649587.5 ], [ 2173462.5, 649590.873651816393249 ], [ 2173463.342530149035156, 649592.5 ], [ 2173466.162051409948617, 649597.5 ], [ 2173467.5, 649599.576788865728304 ], [ 2173469.943683616816998, 649602.5 ], [ 2173472.5, 649605.49826342635788 ], [ 2173474.800909716170281, 649607.5 ], [ 2173477.5, 649610.314526167698205 ], [ 2173479.97822946915403, 649612.5 ], [ 2173482.5, 649617.175477248965763 ], [ 2173482.67888814676553, 649617.5 ], [ 2173484.023362758569419, 649622.5 ], [ 2173484.109119930770248, 649627.5 ], [ 2173483.642551952973008, 649632.5 ], [ 2173483.906341884750873, 649637.5 ], [ 2173485.539736079983413, 649642.5 ], [ 2173487.5, 649647.267760143964551 ], [ 2173487.767396532930434, 649647.5 ], [ 2173491.668083770666271, 649652.5 ], [ 2173492.5, 649656.161731289932504 ], [ 2173495.036091213580221, 649652.5 ], [ 2173497.5, 649651.700779908918776 ], [ 2173502.5, 649647.574902583146468 ], [ 2173502.563001431059092, 649647.5 ], [ 2173507.5, 649644.039820597157814 ], [ 2173510.137817710172385, 649642.5 ], [ 2173512.5, 649641.01800310856197 ], [ 2173517.5, 649639.441142778028734 ], [ 2173522.5, 649639.907698566792533 ], [ 2173526.062633400782943, 649642.5 ], [ 2173527.5, 649643.558866388048045 ], [ 2173530.373934192117304, 649647.5 ], [ 2173532.236057682428509, 649652.5 ], [ 2173532.5, 649653.29623289918527 ], [ 2173537.5, 649656.561375280027278 ], [ 2173541.62464383430779, 649652.5 ], [ 2173542.5, 649650.307966182241216 ], [ 2173543.483876997604966, 649647.5 ], [ 2173543.797523514833301, 649642.5 ], [ 2173544.027877096552402, 649637.5 ], [ 2173543.861482466571033, 649632.5 ], [ 2173542.574335366021842, 649627.5 ], [ 2173542.5, 649627.400400595040992 ], [ 2173537.5, 649627.206432859878987 ], [ 2173536.310986614320427, 649627.5 ], [ 2173532.5, 649628.802303918171674 ], [ 2173527.5, 649630.031558955553919 ], [ 2173522.5, 649629.49424701591488 ], [ 2173519.93581761373207, 649627.5 ], [ 2173517.5, 649626.529489353415556 ], [ 2173513.64417409338057, 649622.5 ], [ 2173512.5, 649621.047413598047569 ], [ 2173510.394979260396212, 649617.5 ], [ 2173508.596754911355674, 649612.5 ], [ 2173507.693991076666862, 649607.5 ], [ 2173507.673809826374054, 649602.5 ], [ 2173508.524087521713227, 649597.5 ], [ 2173509.323018729221076, 649592.5 ], [ 2173508.54679293744266, 649587.5 ], [ 2173507.5, 649584.971666790544987 ], [ 2173506.021606757771224, 649582.5 ], [ 2173503.099445678293705, 649577.5 ], [ 2173502.5, 649576.086787572712637 ], [ 2173500.004351449664682, 649572.5 ], [ 2173497.5, 649569.212000163504854 ], [ 2173494.034844275098294, 649567.5 ], [ 2173492.5, 649566.593927431502379 ], [ 2173487.735934499651194, 649562.5 ], [ 2173487.54356582975015, 649557.5 ], [ 2173488.22814131109044, 649552.5 ], [ 2173489.497754970565438, 649547.5 ], [ 2173492.5, 649543.334946253802627 ], [ 2173493.055442865472287, 649542.5 ], [ 2173497.5, 649538.485210683429614 ], [ 2173498.349968146532774, 649537.5 ], [ 2173502.5, 649533.035099252359942 ], [ 2173502.885695772711188, 649532.5 ], [ 2173507.031328482553363, 649527.5 ], [ 2173507.5, 649527.011305338237435 ], [ 2173512.04242023313418, 649522.5 ], [ 2173512.5, 649522.104848133749329 ], [ 2173517.5, 649518.911958582582884 ], [ 2173521.884252635296434, 649517.5 ], [ 2173522.5, 649517.244566140696406 ], [ 2173527.5, 649516.824934593169019 ], [ 2173532.5, 649516.128279468161054 ], [ 2173535.236016103532165, 649512.5 ], [ 2173537.5, 649507.880099850823171 ], [ 2173537.583367037586868, 649507.5 ], [ 2173538.296088152099401, 649502.5 ], [ 2173538.58163362601772, 649497.5 ], [ 2173538.528103064745665, 649492.5 ], [ 2173538.216289005707949, 649487.5 ], [ 2173537.697133071254939, 649482.5 ], [ 2173537.5, 649480.360088535002433 ], [ 2173537.087004038970917, 649477.5 ], [ 2173537.295256367884576, 649472.5 ], [ 2173537.5, 649471.463795390096493 ], [ 2173538.1376225030981, 649467.5 ], [ 2173538.638086312450469, 649462.5 ], [ 2173538.657432890497148, 649457.5 ], [ 2173539.129493861924857, 649452.5 ], [ 2173540.749569059815258, 649447.5 ], [ 2173542.5, 649444.568573804222979 ], [ 2173543.483674444723874, 649442.5 ], [ 2173546.027062580920756, 649437.5 ], [ 2173547.5, 649433.518975422717631 ], [ 2173547.728193677961826, 649432.5 ], [ 2173547.780113348271698, 649427.5 ], [ 2173547.5, 649426.414554144372232 ], [ 2173545.995482252445072, 649422.5 ], [ 2173543.478463783860207, 649417.5 ], [ 2173542.5, 649415.236701705493033 ], [ 2173540.988554030191153, 649412.5 ], [ 2173539.075993485748768, 649407.5 ], [ 2173537.819942811969668, 649402.5 ], [ 2173537.5, 649401.00077172066085 ], [ 2173536.128066271543503, 649397.5 ], [ 2173534.026570092421025, 649392.5 ], [ 2173532.5, 649388.022068498656154 ], [ 2173532.232492255978286, 649387.5 ], [ 2173531.69288962893188, 649382.5 ], [ 2173532.5, 649378.202664661104791 ], [ 2173532.567081793211401, 649377.5 ], [ 2173532.979165154043585, 649372.5 ], [ 2173532.900208532810211, 649367.5 ], [ 2173532.5, 649364.212843823363073 ], [ 2173532.196793145965785, 649362.5 ], [ 2173530.764744710177183, 649357.5 ], [ 2173529.273102890700102, 649352.5 ], [ 2173527.66948643187061, 649347.5 ], [ 2173527.5, 649347.0769447585335 ], [ 2173524.935414199717343, 649342.5 ], [ 2173522.5, 649338.724074691883288 ], [ 2173521.360495544970036, 649337.5 ], [ 2173517.5, 649334.626253417227417 ], [ 2173513.287099417299032, 649332.5 ], [ 2173512.5, 649332.231892165145837 ], [ 2173507.5, 649331.071480392361991 ], [ 2173502.5, 649329.506445719627663 ], [ 2173498.574175015557557, 649327.5 ], [ 2173497.5, 649327.066890716785565 ], [ 2173492.5, 649324.952396846725605 ], [ 2173487.5, 649322.704314188682474 ], [ 2173487.044343821238726, 649322.5 ], [ 2173482.5, 649320.874831740511581 ], [ 2173477.5, 649318.631459469324909 ], [ 2173475.167824517004192, 649317.5 ], [ 2173472.5, 649316.623205387382768 ], [ 2173467.5, 649315.165937193087302 ], [ 2173462.5, 649313.411490979022346 ], [ 2173460.406337027437985, 649312.5 ], [ 2173457.5, 649311.567635830724612 ], [ 2173452.5, 649309.97305846074596 ], [ 2173447.5, 649308.339868013863452 ], [ 2173445.392673556692898, 649307.5 ], [ 2173442.5, 649306.68057371058967 ], [ 2173437.5, 649305.020651594735682 ], [ 2173432.5, 649303.240515304612927 ], [ 2173430.395478444173932, 649302.5 ], [ 2173427.5, 649301.666564526152797 ], [ 2173422.5, 649299.884102780255489 ], [ 2173417.73891191650182, 649297.5 ], [ 2173417.5, 649297.400094340904616 ], [ 2173412.5, 649295.105659854016267 ], [ 2173408.434020421467721, 649292.5 ], [ 2173407.5, 649291.936346481787041 ], [ 2173402.5, 649289.025692720199004 ], [ 2173399.517229366581887, 649287.5 ], [ 2173397.5, 649286.775277054286562 ], [ 2173392.5, 649285.209632548387162 ], [ 2173387.5, 649283.547476630308665 ], [ 2173383.219196620862931, 649282.5 ], [ 2173382.5, 649282.367998458212242 ] ], [ [ 2173475.850411493796855, 649847.5 ], [ 2173474.633293222635984, 649852.5 ], [ 2173472.5, 649854.212789683835581 ], [ 2173467.5, 649854.117488991003484 ], [ 2173466.335191808175296, 649852.5 ], [ 2173466.329234657809138, 649847.5 ], [ 2173467.5, 649845.903461157809943 ], [ 2173472.5, 649845.038664721534587 ], [ 2173475.850411493796855, 649847.5 ] ], [ [ 2173439.620551983360201, 649812.5 ], [ 2173442.5, 649813.704643564880826 ], [ 2173446.212255381047726, 649817.5 ], [ 2173447.5, 649821.143992529017851 ], [ 2173447.89828478731215, 649822.5 ], [ 2173447.5, 649824.001849758788012 ], [ 2173446.51611215993762, 649827.5 ], [ 2173442.5, 649831.354280588682741 ], [ 2173440.59643142297864, 649832.5 ], [ 2173437.5, 649834.244480798952281 ], [ 2173432.5, 649835.448242266196758 ], [ 2173427.5, 649834.523217006819323 ], [ 2173425.117584912572056, 649832.5 ], [ 2173422.573253852780908, 649827.5 ], [ 2173422.805613214150071, 649822.5 ], [ 2173425.288456171285361, 649817.5 ], [ 2173427.5, 649815.252523598726839 ], [ 2173432.029993562027812, 649812.5 ], [ 2173432.5, 649812.265497487271205 ], [ 2173437.5, 649811.784668187843636 ], [ 2173439.620551983360201, 649812.5 ] ], [ [ 2173552.5, 649691.670546022825874 ], [ 2173547.5, 649689.477767468546517 ], [ 2173542.5, 649688.995239621028304 ], [ 2173540.17663651611656, 649692.5 ], [ 2173539.638465543277562, 649697.5 ], [ 2173539.491846877615899, 649702.5 ], [ 2173539.97659444110468, 649707.5 ], [ 2173541.801074934192002, 649712.5 ], [ 2173542.5, 649713.464481549221091 ], [ 2173547.5, 649717.487016285536811 ], [ 2173552.5, 649716.928116211201996 ], [ 2173555.017927520442754, 649712.5 ], [ 2173556.975911392830312, 649707.5 ], [ 2173557.25128751154989, 649702.5 ], [ 2173555.933728159870952, 649697.5 ], [ 2173553.285107064526528, 649692.5 ], [ 2173552.5, 649691.670546022825874 ] ], [ [ 2173492.5, 649659.656318012624979 ], [ 2173492.182384621351957, 649662.5 ], [ 2173491.139372562989593, 649667.5 ], [ 2173490.7791204219684, 649672.5 ], [ 2173492.5, 649675.377541421796195 ], [ 2173494.408053329680115, 649672.5 ], [ 2173495.139664267189801, 649667.5 ], [ 2173493.213361309841275, 649662.5 ], [ 2173492.5, 649659.656318012624979 ] ] ] } },
{ "type": "Feature", "properties": { "fid": 6, "time": "2022-01-01", "year": 2022 }, "geometry": { "type": "MultiLineString", "coordinates": [ [ [ 2173387.5, 649282.108880159794353 ], [ 2173382.5, 649280.571265692007728 ], [ 2173377.5, 649280.026845277985558 ], [ 2173372.5, 649280.269338233629242 ], [ 2173367.5, 649280.649574769428 ], [ 2173362.5, 649280.62197211489547 ], [ 2173357.5, 649280.195578750455752 ], [ 2173352.5, 649279.826561688794754 ], [ 2173347.5, 649279.79697687656153 ], [ 2173342.5, 649280.121258938568644 ], [ 2173337.5, 649280.649910266511142 ], [ 2173332.5, 649281.113654481945559 ], [ 2173327.5, 649281.377302360138856 ], [ 2173322.5, 649281.434117066906765 ], [ 2173317.5, 649281.396165556157939 ], [ 2173312.5, 649281.487211406580172 ], [ 2173307.5, 649281.924276611767709 ], [ 2173304.538735093548894, 649282.5 ], [ 2173302.5, 649283.030714502907358 ], [ 2173297.5, 649284.99033941491507 ], [ 2173292.615859066136181, 649287.5 ], [ 2173292.5, 649287.576070296927355 ], [ 2173287.5, 649291.420361394179054 ], [ 2173286.251361596398056, 649292.5 ], [ 2173282.5, 649295.902580572059378 ], [ 2173280.872787558939308, 649297.5 ], [ 2173277.5, 649300.843373717274517 ], [ 2173275.986794006079435, 649302.5 ], [ 2173272.5, 649306.8972464336548 ], [ 2173272.089582574088126, 649307.5 ], [ 2173269.359974653460085, 649312.5 ], [ 2173267.5, 649315.961495370720513 ], [ 2173266.81117020174861, 649317.5 ], [ 2173264.774552103597671, 649322.5 ], [ 2173262.5, 649327.213717820472084 ], [ 2173262.376201192848384, 649327.5 ], [ 2173259.875651410315186, 649332.5 ], [ 2173257.5, 649336.203326976741664 ], [ 2173256.649907983373851, 649337.5 ], [ 2173253.241879483219236, 649342.5 ], [ 2173252.5, 649343.528040013974532 ], [ 2173249.940773805137724, 649347.5 ], [ 2173247.5, 649351.292312346049584 ], [ 2173246.864062329288572, 649352.5 ], [ 2173245.167477371636778, 649357.5 ], [ 2173244.229481523390859, 649362.5 ], [ 2173243.40653192717582, 649367.5 ], [ 2173242.5, 649371.931718236766756 ], [ 2173242.406019749119878, 649372.5 ], [ 2173241.625552569981664, 649377.5 ], [ 2173240.964098502416164, 649382.5 ], [ 2173240.449874787591398, 649387.5 ], [ 2173240.053166678640991, 649392.5 ], [ 2173239.692994110286236, 649397.5 ], [ 2173239.51427958952263, 649402.5 ], [ 2173239.854256630409509, 649407.5 ], [ 2173240.636569081339985, 649412.5 ], [ 2173241.506652464624494, 649417.5 ], [ 2173242.386953131761402, 649422.5 ], [ 2173242.5, 649423.061750467051752 ], [ 2173243.639119584579021, 649427.5 ], [ 2173244.987847385928035, 649432.5 ], [ 2173246.401712981984019, 649437.5 ], [ 2173247.5, 649441.510267032193951 ], [ 2173247.831656229682267, 649442.5 ], [ 2173249.064883733633906, 649447.5 ], [ 2173249.909726201556623, 649452.5 ], [ 2173250.753401269204915, 649457.5 ], [ 2173251.805977589916438, 649462.5 ], [ 2173252.5, 649464.921581500791945 ], [ 2173253.420012703165412, 649467.5 ], [ 2173255.271104297600687, 649472.5 ], [ 2173256.769994663074613, 649477.5 ], [ 2173257.5, 649480.679412328754552 ], [ 2173257.999816593714058, 649482.5 ], [ 2173258.887959770392627, 649487.5 ], [ 2173259.574972635600716, 649492.5 ], [ 2173260.555830522440374, 649497.5 ], [ 2173262.004406969994307, 649502.5 ], [ 2173262.5, 649503.72567771631293 ], [ 2173264.309941327665001, 649507.5 ], [ 2173266.801603431347758, 649512.5 ], [ 2173267.5, 649514.003285760409199 ], [ 2173269.22310498310253, 649517.5 ], [ 2173271.114980672486126, 649522.5 ], [ 2173272.5, 649526.59099204884842 ], [ 2173272.911935300100595, 649527.5 ], [ 2173275.01581093436107, 649532.5 ], [ 2173276.587919262703508, 649537.5 ], [ 2173277.5, 649541.344429935328662 ], [ 2173277.852242982480675, 649542.5 ], [ 2173279.082154002506286, 649547.5 ], [ 2173280.047979794908315, 649552.5 ], [ 2173280.802556975279003, 649557.5 ], [ 2173281.426934824325144, 649562.5 ], [ 2173282.026030617300421, 649567.5 ], [ 2173282.5, 649570.893390650395304 ], [ 2173282.818234305363148, 649572.5 ], [ 2173284.094099789392203, 649577.5 ], [ 2173285.45897613093257, 649582.5 ], [ 2173286.721724407281727, 649587.5 ], [ 2173287.5, 649590.90650648670271 ], [ 2173287.988106708042324, 649592.5 ], [ 2173289.208654620684683, 649597.5 ], [ 2173290.106445204932243, 649602.5 ], [ 2173290.808958220761269, 649607.5 ], [ 2173291.410842567216605, 649612.5 ], [ 2173292.014943500980735, 649617.5 ], [ 2173292.5, 649620.87076517555397 ], [ 2173292.853205729275942, 649622.5 ], [ 2173294.18459126027301, 649627.5 ], [ 2173295.605310813058168, 649632.5 ], [ 2173296.905947600025684, 649637.5 ], [ 2173297.5, 649640.49755396193359 ], [ 2173298.114942153450102, 649642.5 ], [ 2173298.894333203788847, 649647.5 ], [ 2173299.407638021279126, 649652.5 ], [ 2173300.595273071434349, 649657.5 ], [ 2173302.5, 649661.912387747783214 ], [ 2173302.851977325975895, 649662.5 ], [ 2173307.034842481371015, 649667.5 ], [ 2173307.5, 649668.018014366854914 ], [ 2173311.20799371227622, 649672.5 ], [ 2173312.5, 649674.402399817015976 ], [ 2173314.733316233381629, 649677.5 ], [ 2173317.419872666243464, 649682.5 ], [ 2173317.5, 649682.680602209526114 ], [ 2173319.837247737217695, 649687.5 ], [ 2173321.409313203301281, 649692.5 ], [ 2173322.5, 649697.465599786606617 ], [ 2173322.510172784328461, 649697.5 ], [ 2173323.719061041250825, 649702.5 ], [ 2173324.730107923969626, 649707.5 ], [ 2173325.839275904465467, 649712.5 ], [ 2173327.32485907105729, 649717.5 ], [ 2173327.5, 649717.958221810054965 ], [ 2173329.685404463205487, 649722.5 ], [ 2173331.806422997266054, 649727.5 ], [ 2173332.5, 649729.226906438241713 ], [ 2173334.120691999327391, 649732.5 ], [ 2173336.123665209393948, 649737.5 ], [ 2173337.5, 649741.752903803950176 ], [ 2173337.798729376867414, 649742.5 ], [ 2173339.485681051388383, 649747.5 ], [ 2173340.846302098128945, 649752.5 ], [ 2173342.149075116496533, 649757.5 ], [ 2173342.5, 649758.827372774016112 ], [ 2173343.735139907803386, 649762.5 ], [ 2173345.070556769613177, 649767.5 ], [ 2173346.124526399653405, 649772.5 ], [ 2173347.146020338404924, 649777.5 ], [ 2173347.5, 649779.004669248941354 ], [ 2173348.46258557215333, 649782.5 ], [ 2173349.900048633571714, 649787.5 ], [ 2173351.214827973395586, 649792.5 ], [ 2173352.269892904907465, 649797.5 ], [ 2173352.5, 649798.6601851307787 ], [ 2173353.502750395797193, 649802.5 ], [ 2173355.06084453407675, 649807.5 ], [ 2173357.184677075594664, 649812.5 ], [ 2173357.5, 649813.046551991370507 ], [ 2173360.390415933448821, 649817.5 ], [ 2173362.5, 649820.97142663388513 ], [ 2173363.503395806998014, 649822.5 ], [ 2173366.27113248500973, 649827.5 ], [ 2173367.5, 649830.217902237782255 ], [ 2173368.604874987155199, 649832.5 ], [ 2173370.517313027754426, 649837.5 ], [ 2173372.067865385208279, 649842.5 ], [ 2173372.5, 649843.860578813473694 ], [ 2173373.99858044879511, 649847.5 ], [ 2173375.931418272666633, 649852.5 ], [ 2173377.5, 649856.894234635401517 ], [ 2173377.770446821581572, 649857.5 ], [ 2173379.538382300641388, 649862.5 ], [ 2173380.628352239727974, 649867.5 ], [ 2173381.405697052832693, 649872.5 ], [ 2173382.315965687856078, 649877.5 ], [ 2173382.5, 649878.194868148188107 ], [ 2173383.960901353042573, 649882.5 ], [ 2173385.872139750048518, 649887.5 ], [ 2173387.5, 649892.179210872156546 ], [ 2173387.639622647780925, 649892.5 ], [ 2173389.400923917070031, 649897.5 ], [ 2173390.626803301274776, 649902.5 ], [ 2173391.653248856309801, 649907.5 ], [ 2173392.5, 649911.706568178837188 ], [ 2173392.741825681179762, 649912.5 ], [ 2173394.31908351695165, 649917.5 ], [ 2173395.960464747156948, 649922.5 ], [ 2173397.5, 649926.129311131662689 ], [ 2173398.257524029351771, 649927.5 ], [ 2173401.097607272677124, 649932.5 ], [ 2173402.5, 649935.473596787662245 ], [ 2173403.615556115284562, 649937.5 ], [ 2173405.806783606763929, 649942.5 ], [ 2173407.277361379005015, 649947.5 ], [ 2173407.5, 649948.460297712590545 ], [ 2173408.777193590067327, 649952.5 ], [ 2173410.136634627822787, 649957.5 ], [ 2173411.514858684968203, 649962.5 ], [ 2173412.5, 649965.672298433608375 ], [ 2173413.324413771275431, 649967.5 ], [ 2173415.814551521558315, 649972.5 ], [ 2173417.5, 649975.542908395756967 ], [ 2173418.987661356572062, 649977.5 ], [ 2173422.5, 649982.422123292344622 ], [ 2173422.568733725696802, 649982.5 ], [ 2173426.793017353862524, 649987.5 ], [ 2173427.5, 649988.403613312868401 ], [ 2173431.38031121622771, 649992.5 ], [ 2173432.5, 649993.600598841439933 ], [ 2173437.136615201830864, 649997.5 ], [ 2173437.5, 649997.737975514843129 ], [ 2173442.5, 650000.502611545030959 ], [ 2173446.350354292429984, 650002.5 ], [ 2173447.5, 650002.962287931819446 ], [ 2173452.5, 650004.796801804332063 ], [ 2173457.5, 650007.052096456638537 ], [ 2173458.359783007297665, 650007.5 ], [ 2173462.5, 650009.377411153400317 ], [ 2173467.322211262304336, 650012.5 ], [ 2173467.5, 650012.608657802804373 ], [ 2173472.5, 650016.331250995863229 ], [ 2173473.718186951708049, 650017.5 ], [ 2173477.5, 650021.200526938890107 ], [ 2173478.70427253190428, 650022.5 ], [ 2173482.5, 650025.916578794247471 ], [ 2173484.388629965949804, 650027.5 ], [ 2173487.5, 650029.484035350265913 ], [ 2173492.5, 650032.371838046004996 ], [ 2173492.737803029362112, 650032.5 ], [ 2173497.5, 650034.359778320766054 ], [ 2173502.5, 650036.463053621468134 ], [ 2173504.785655715037137, 650037.5 ], [ 2173507.5, 650038.468229712452739 ], [ 2173512.5, 650040.641600522329099 ], [ 2173515.449435460846871, 650042.5 ], [ 2173517.5, 650043.563838447676972 ], [ 2173522.5, 650047.204111989703961 ], [ 2173522.845981070771813, 650047.5 ], [ 2173527.5, 650051.348148071905598 ], [ 2173528.708474991377443, 650052.5 ], [ 2173532.5, 650056.471766360686161 ], [ 2173533.522666429169476, 650057.5 ], [ 2173537.487346460577101, 650062.5 ], [ 2173537.5, 650062.519734265748411 ], [ 2173541.172185956966132, 650067.5 ], [ 2173542.5, 650070.575391312595457 ], [ 2173543.447432502638549, 650072.5 ], [ 2173545.501754635944963, 650077.5 ], [ 2173547.153483666013926, 650082.5 ], [ 2173547.5, 650083.515245747519657 ], [ 2173549.262453669216484, 650087.5 ], [ 2173551.052702978719026, 650092.5 ], [ 2173552.5, 650097.115604332764633 ], [ 2173552.673812170047313, 650097.5 ], [ 2173555.258294234517962, 650102.5 ], [ 2173557.5, 650106.52880567626562 ], [ 2173558.407653023023158, 650107.5 ], [ 2173562.5, 650111.631913574645296 ], [ 2173563.541188673581928, 650112.5 ], [ 2173567.5, 650115.330110394046642 ], [ 2173570.73961118562147, 650117.5 ], [ 2173572.5, 650118.487900247448124 ], [ 2173577.5, 650120.933424916584045 ], [ 2173581.28046347014606, 650122.5 ], [ 2173582.5, 650122.868499448755756 ], [ 2173587.5, 650123.511707397294231 ], [ 2173592.5, 650123.089852860430256 ], [ 2173594.242400131188333, 650122.5 ], [ 2173597.5, 650120.983324894797988 ], [ 2173602.5, 650117.814536896534264 ], [ 2173602.948714742902666, 650117.5 ], [ 2173607.5, 650113.846948870224878 ], [ 2173609.226794384885579, 650112.5 ], [ 2173612.5, 650109.482005371362902 ], [ 2173614.400029830168933, 650107.5 ], [ 2173617.5, 650103.09438376815524 ], [ 2173617.818089555483311, 650102.5 ], [ 2173619.268215657677501, 650097.5 ], [ 2173619.950153050012887, 650092.5 ], [ 2173619.82017924496904, 650087.5 ], [ 2173618.754426390863955, 650082.5 ], [ 2173617.5, 650079.44920147350058 ], [ 2173616.474629899021238, 650077.5 ], [ 2173612.838140057399869, 650072.5 ], [ 2173612.5, 650072.11800441716332 ], [ 2173608.4489193293266, 650067.5 ], [ 2173607.5, 650066.375072991824709 ], [ 2173604.041513825766742, 650062.5 ], [ 2173602.5, 650060.503861885867082 ], [ 2173599.968491969630122, 650057.5 ], [ 2173597.5, 650052.675182210979983 ], [ 2173597.394307842012495, 650052.5 ], [ 2173595.052831533830613, 650047.5 ], [ 2173593.630072036292404, 650042.5 ], [ 2173592.531742558348924, 650037.5 ], [ 2173592.5, 650037.371777833322994 ], [ 2173590.498275947757065, 650032.5 ], [ 2173588.754895688965917, 650027.5 ], [ 2173587.5, 650023.251893677399494 ], [ 2173587.157483456190675, 650022.5 ], [ 2173584.995325493626297, 650017.5 ], [ 2173583.191600879654288, 650012.5 ], [ 2173582.5, 650010.530621147365309 ], [ 2173580.751814632676542, 650007.5 ], [ 2173578.725046715699136, 650002.5 ], [ 2173577.584349908865988, 649997.5 ], [ 2173577.5, 649997.061159504926763 ], [ 2173576.36276856996119, 649992.5 ], [ 2173575.307771122548729, 649987.5 ], [ 2173574.325693746563047, 649982.5 ], [ 2173573.322329110000283, 649977.5 ], [ 2173572.5, 649973.742581787286326 ], [ 2173571.987450142856687, 649972.5 ], [ 2173570.038655813317746, 649967.5 ], [ 2173568.449971711728722, 649962.5 ], [ 2173567.5, 649959.071638056426309 ], [ 2173566.728884370531887, 649957.5 ], [ 2173564.712410973384976, 649952.5 ], [ 2173563.269591593183577, 649947.5 ], [ 2173562.5, 649944.854491871665232 ], [ 2173559.722227797843516, 649942.5 ], [ 2173557.5, 649940.698267225525342 ], [ 2173552.5, 649941.937546932720579 ], [ 2173551.535198502708226, 649942.5 ], [ 2173547.5, 649947.100958844763227 ], [ 2173547.292548001743853, 649947.5 ], [ 2173542.697422988247126, 649952.5 ], [ 2173542.5, 649952.594322185846977 ], [ 2173537.5, 649956.361718223779462 ], [ 2173536.185119468718767, 649957.5 ], [ 2173532.5, 649959.481475189793855 ], [ 2173527.5, 649961.912494815187529 ], [ 2173526.171604237519205, 649962.5 ], [ 2173522.5, 649964.590706163551658 ], [ 2173517.780797701328993, 649967.5 ], [ 2173517.5, 649967.719955985317938 ], [ 2173512.5, 649970.221058520604856 ], [ 2173507.5, 649971.336545280995779 ], [ 2173502.5, 649972.418395864311606 ], [ 2173502.158740064129233, 649972.5 ], [ 2173497.5, 649973.793080207891762 ], [ 2173492.5, 649974.258744051563554 ], [ 2173487.5, 649973.434638899751008 ], [ 2173484.98842326272279, 649972.5 ], [ 2173482.5, 649971.712671398301609 ], [ 2173477.5, 649968.90073548455257 ], [ 2173475.85562558658421, 649967.5 ], [ 2173472.5, 649963.639916665968485 ], [ 2173471.737628787290305, 649962.5 ], [ 2173468.825546794105321, 649957.5 ], [ 2173467.5, 649955.482009554049 ], [ 2173465.075962872710079, 649952.5 ], [ 2173462.5, 649950.187837898149155 ], [ 2173458.307540275156498, 649947.5 ], [ 2173457.5, 649947.019840418710373 ], [ 2173452.5, 649943.647473577060737 ], [ 2173451.288344509899616, 649942.5 ], [ 2173447.5, 649937.875386032625102 ], [ 2173447.222098111640662, 649937.5 ], [ 2173443.74283184716478, 649932.5 ], [ 2173442.5, 649930.611559222219512 ], [ 2173440.504783977288753, 649927.5 ], [ 2173437.967752637341619, 649922.5 ], [ 2173437.5, 649921.306190667324699 ], [ 2173435.965677165426314, 649917.5 ], [ 2173434.957423259969801, 649912.5 ], [ 2173435.20619222195819, 649907.5 ], [ 2173437.5, 649903.395980245433748 ], [ 2173439.27192076202482, 649902.5 ], [ 2173442.5, 649901.617610772955231 ], [ 2173446.303980289492756, 649902.5 ], [ 2173447.5, 649902.751781644532457 ], [ 2173452.5, 649905.601551370811649 ], [ 2173454.982465601526201, 649907.5 ], [ 2173457.5, 649909.256637009209953 ], [ 2173462.032551388256252, 649912.5 ], [ 2173462.5, 649912.832183253485709 ], [ 2173467.5, 649915.551294339122251 ], [ 2173472.5, 649916.678602258325554 ], [ 2173477.458173308055848, 649912.5 ], [ 2173477.5, 649912.444520072895102 ], [ 2173479.567574846092612, 649907.5 ], [ 2173482.5, 649903.049217442981899 ], [ 2173482.998261474538594, 649902.5 ], [ 2173487.5, 649899.373981227283366 ], [ 2173492.5, 649897.924484013114125 ], [ 2173497.5, 649897.753705762093887 ], [ 2173502.5, 649898.054548055515625 ], [ 2173504.331038900185376, 649897.5 ], [ 2173507.5, 649896.067222875659354 ], [ 2173510.421960602048784, 649892.5 ], [ 2173512.5, 649888.098263259162195 ], [ 2173512.703557125292718, 649887.5 ], [ 2173514.66170749347657, 649882.5 ], [ 2173517.5, 649878.362329487223178 ], [ 2173518.37254107138142, 649877.5 ], [ 2173522.5, 649874.151304549304768 ], [ 2173527.5, 649873.415929727372713 ], [ 2173532.5, 649873.950690552126616 ], [ 2173537.5, 649873.852832224918529 ], [ 2173542.5, 649872.81537670979742 ], [ 2173543.950294569600374, 649872.5 ], [ 2173547.5, 649871.264176103635691 ], [ 2173551.194522924721241, 649867.5 ], [ 2173551.600421809591353, 649862.5 ], [ 2173550.432373100891709, 649857.5 ], [ 2173549.310579500161111, 649852.5 ], [ 2173548.04034019401297, 649847.5 ], [ 2173547.5, 649846.387047795462422 ], [ 2173543.897138110827655, 649842.5 ], [ 2173542.5, 649841.581978626665659 ], [ 2173537.5, 649839.051901383092627 ], [ 2173534.937201046850532, 649837.5 ], [ 2173532.5, 649835.962560369516723 ], [ 2173528.301061917096376, 649832.5 ], [ 2173527.5, 649831.508041384979151 ], [ 2173524.621304463595152, 649827.5 ], [ 2173523.747644806746393, 649822.5 ], [ 2173524.858107505831867, 649817.5 ], [ 2173527.5, 649813.580609805881977 ], [ 2173528.345256097149104, 649812.5 ], [ 2173532.5, 649809.385044930619188 ], [ 2173537.5, 649807.506129448767751 ], [ 2173537.530179643537849, 649807.5 ], [ 2173542.5, 649806.219179751933552 ], [ 2173547.5, 649805.244773657526821 ], [ 2173552.234711748547852, 649802.5 ], [ 2173552.5, 649802.138334684306756 ], [ 2173553.812154861632735, 649797.5 ], [ 2173554.611970846541226, 649792.5 ], [ 2173555.37890042597428, 649787.5 ], [ 2173556.437154793180525, 649782.5 ], [ 2173557.5, 649778.851566866505891 ], [ 2173557.825290242210031, 649777.5 ], [ 2173558.951386983972043, 649772.5 ], [ 2173559.854593790601939, 649767.5 ], [ 2173560.588433013297617, 649762.5 ], [ 2173560.969347696285695, 649757.5 ], [ 2173560.328595440834761, 649752.5 ], [ 2173558.585548652801663, 649747.5 ], [ 2173557.5, 649745.225491732708178 ], [ 2173555.05330463219434, 649742.5 ], [ 2173552.5, 649739.492222660337575 ], [ 2173548.378319054841995, 649737.5 ], [ 2173547.5, 649736.913547526230104 ], [ 2173542.5, 649736.93293908436317 ], [ 2173538.650817919056863, 649737.5 ], [ 2173537.5, 649737.656499591306783 ], [ 2173532.5, 649737.542104760068469 ], [ 2173532.146723320242018, 649737.5 ], [ 2173527.5, 649737.169292897102423 ], [ 2173524.991867332253605, 649737.5 ], [ 2173522.5, 649737.927203176193871 ], [ 2173517.5, 649739.792672489653341 ], [ 2173512.5, 649741.847011109581217 ], [ 2173511.239132157061249, 649742.5 ], [ 2173507.757955787703395, 649747.5 ], [ 2173507.758750925306231, 649752.5 ], [ 2173507.754979577846825, 649757.5 ], [ 2173508.247147210408002, 649762.5 ], [ 2173512.054504723288119, 649767.5 ], [ 2173512.5, 649767.88589847960975 ], [ 2173515.695707252249122, 649772.5 ], [ 2173517.5, 649776.627047803020105 ], [ 2173517.843873902689666, 649777.5 ], [ 2173519.052262348122895, 649782.5 ], [ 2173519.011606328655034, 649787.5 ], [ 2173517.5, 649792.088546132901683 ], [ 2173517.366463493555784, 649792.5 ], [ 2173512.967207913286984, 649797.5 ], [ 2173512.5, 649797.812978300265968 ], [ 2173507.5, 649800.001180889434181 ], [ 2173502.5, 649800.451952294679359 ], [ 2173497.5, 649799.549101913231425 ], [ 2173493.258094181772321, 649797.5 ], [ 2173492.5, 649797.045720122288913 ], [ 2173487.5, 649792.58074294985272 ], [ 2173487.409959010314196, 649792.5 ], [ 2173484.148193215485662, 649787.5 ], [ 2173483.63680906035006, 649782.5 ], [ 2173485.214174140710384, 649777.5 ], [ 2173487.5, 649773.838145484915003 ], [ 2173488.507943785283715, 649772.5 ], [ 2173492.302535578142852, 649767.5 ], [ 2173492.5, 649766.475172977428883 ], [ 2173493.67402131902054, 649762.5 ], [ 2173492.5, 649760.682123556616716 ], [ 2173491.450254742056131, 649757.5 ], [ 2173489.929382571950555, 649752.5 ], [ 2173488.968395367264748, 649747.5 ], [ 2173488.043174894526601, 649742.5 ], [ 2173487.5, 649740.681590686319396 ], [ 2173486.378888965118676, 649737.5 ], [ 2173482.5, 649733.472973394906148 ], [ 2173480.64188758470118, 649732.5 ], [ 2173477.5, 649731.516306327888742 ], [ 2173472.5, 649730.641276523587294 ], [ 2173467.5, 649729.908710969612002 ], [ 2173462.5, 649728.883896523970179 ], [ 2173458.527598716318607, 649727.5 ], [ 2173457.5, 649727.035831991932355 ], [ 2173452.5, 649722.959002563962713 ], [ 2173452.126725600101054, 649722.5 ], [ 2173449.929401487112045, 649717.5 ], [ 2173448.952905531041324, 649712.5 ], [ 2173448.195003315340728, 649707.5 ], [ 2173447.5, 649704.83874355815351 ], [ 2173446.778052675072104, 649702.5 ], [ 2173444.341896556783468, 649697.5 ], [ 2173442.5, 649694.489361244253814 ], [ 2173441.05426089791581, 649692.5 ], [ 2173437.514962811954319, 649687.5 ], [ 2173437.5, 649687.478795661940239 ], [ 2173434.037247844971716, 649682.5 ], [ 2173432.5, 649680.034500874462537 ], [ 2173430.860150097869337, 649677.5 ], [ 2173427.7428665375337, 649672.5 ], [ 2173427.5, 649672.121633699629456 ], [ 2173424.356939626857638, 649667.5 ], [ 2173422.5, 649664.498610115377232 ], [ 2173421.099882007576525, 649662.5 ], [ 2173417.714032312389463, 649657.5 ], [ 2173417.5, 649657.212607877096161 ], [ 2173413.160736578982323, 649652.5 ], [ 2173412.5, 649651.819138235179707 ], [ 2173407.590941916685551, 649647.5 ], [ 2173407.5, 649647.410319218412042 ], [ 2173403.114938495215029, 649642.5 ], [ 2173402.5, 649641.631531365332194 ], [ 2173399.871135227382183, 649637.5 ], [ 2173397.5, 649633.840588325634599 ], [ 2173396.533212674316019, 649632.5 ], [ 2173392.5, 649627.613091051578522 ], [ 2173392.394770075567067, 649627.5 ], [ 2173388.064369377680123, 649622.5 ], [ 2173387.5, 649621.627841055509634 ], [ 2173385.068051392678171, 649617.5 ], [ 2173383.41414211364463, 649612.5 ], [ 2173382.5, 649608.318657662952319 ], [ 2173382.277771059423685, 649607.5 ], [ 2173380.64282365096733, 649602.5 ], [ 2173378.507100116461515, 649597.5 ], [ 2173377.5, 649595.631267406744882 ], [ 2173375.416169424075633, 649592.5 ], [ 2173372.608038856647909, 649587.5 ], [ 2173372.5, 649587.221782440785319 ], [ 2173370.368234913330525, 649582.5 ], [ 2173369.302276456262916, 649577.5 ], [ 2173368.744134623557329, 649572.5 ], [ 2173368.148641064763069, 649567.5 ], [ 2173367.5, 649564.800577244139276 ], [ 2173366.761878252029419, 649562.5 ], [ 2173364.247266352176666, 649557.5 ], [ 2173362.5, 649554.749310282059014 ], [ 2173360.614091592375189, 649552.5 ], [ 2173357.5, 649548.223595916875638 ], [ 2173356.954944529104978, 649547.5 ], [ 2173354.921168577391654, 649542.5 ], [ 2173354.262833377812058, 649537.5 ], [ 2173353.600219316780567, 649532.5 ], [ 2173352.5, 649528.45944833511021 ], [ 2173352.164586066734046, 649527.5 ], [ 2173349.15186216821894, 649522.5 ], [ 2173347.5, 649520.387248069164343 ], [ 2173345.102628111839294, 649517.5 ], [ 2173342.5, 649514.598619514494203 ], [ 2173340.698154041543603, 649512.5 ], [ 2173337.5, 649508.538089767680503 ], [ 2173336.690520204603672, 649507.5 ], [ 2173333.109316089656204, 649502.5 ], [ 2173332.5, 649501.505234616925009 ], [ 2173330.101788455154747, 649497.5 ], [ 2173328.451637995429337, 649492.5 ], [ 2173327.719568158499897, 649487.5 ], [ 2173327.5, 649482.553055678028613 ], [ 2173327.497003482654691, 649482.5 ], [ 2173327.34215411869809, 649477.5 ], [ 2173326.475666167680174, 649472.5 ], [ 2173324.67219843622297, 649467.5 ], [ 2173322.742628192529082, 649462.5 ], [ 2173322.5, 649461.681283153011464 ], [ 2173321.160686486866325, 649457.5 ], [ 2173320.14430321380496, 649452.5 ], [ 2173319.618315254803747, 649447.5 ], [ 2173319.552664168179035, 649442.5 ], [ 2173320.423964478075504, 649437.5 ], [ 2173322.5, 649434.185136959538795 ], [ 2173324.215269512496889, 649432.5 ], [ 2173327.5, 649430.559081600396894 ], [ 2173332.5, 649429.552289863233455 ], [ 2173337.5, 649430.023769733146764 ], [ 2173342.5, 649431.636478653177619 ], [ 2173344.254455874674022, 649432.5 ], [ 2173347.5, 649433.975051878252998 ], [ 2173352.5, 649437.146487857913598 ], [ 2173352.970789853017777, 649437.5 ], [ 2173357.5, 649440.53123807173688 ], [ 2173360.115422436967492, 649442.5 ], [ 2173362.5, 649443.950539033510722 ], [ 2173367.5, 649446.938943300861865 ], [ 2173368.57722650654614, 649447.5 ], [ 2173372.5, 649449.236295208102092 ], [ 2173377.5, 649450.802129522664472 ], [ 2173382.5, 649451.860814195941202 ], [ 2173384.225979346781969, 649452.5 ], [ 2173387.5, 649453.582915346720256 ], [ 2173392.5, 649457.382632547290996 ], [ 2173392.615548814181238, 649457.5 ], [ 2173396.693885158747435, 649462.5 ], [ 2173397.5, 649463.868054431979544 ], [ 2173399.936456921044737, 649467.5 ], [ 2173402.5, 649471.130655692890286 ], [ 2173403.922436425928026, 649472.5 ], [ 2173407.5, 649475.098649918450974 ], [ 2173412.160580671392381, 649477.5 ], [ 2173412.5, 649477.660390711622313 ], [ 2173417.5, 649480.834732351242565 ], [ 2173419.161430455744267, 649482.5 ], [ 2173422.5, 649487.020457307458855 ], [ 2173422.850841051898897, 649487.5 ], [ 2173426.224310196004808, 649492.5 ], [ 2173427.5, 649494.279503257479519 ], [ 2173429.874663835391402, 649497.5 ], [ 2173432.5, 649501.611746507463977 ], [ 2173433.045115331653506, 649502.5 ], [ 2173435.94123957445845, 649507.5 ], [ 2173437.5, 649510.409400125266984 ], [ 2173438.72817018488422, 649512.5 ], [ 2173441.461001834366471, 649517.5 ], [ 2173442.5, 649519.559799756389111 ], [ 2173444.155811287928373, 649522.5 ], [ 2173446.860891013871878, 649527.5 ], [ 2173447.5, 649528.630529596819542 ], [ 2173450.585733023937792, 649532.5 ], [ 2173452.5, 649535.112046079593711 ], [ 2173454.805713235400617, 649537.5 ], [ 2173457.5, 649541.495083259651437 ], [ 2173458.427792497444898, 649542.5 ], [ 2173460.204102325253189, 649547.5 ], [ 2173459.791929243598133, 649552.5 ], [ 2173460.324066326953471, 649557.5 ], [ 2173462.5, 649561.885961980791762 ], [ 2173463.009304073639214, 649562.5 ], [ 2173465.852844920940697, 649567.5 ], [ 2173466.928702291101217, 649572.5 ], [ 2173467.5, 649574.300397400511429 ], [ 2173469.478750964161009, 649577.5 ], [ 2173472.5, 649579.724620525841601 ], [ 2173477.5, 649579.013648529071361 ], [ 2173479.703590999357402, 649577.5 ], [ 2173480.614247715100646, 649572.5 ], [ 2173478.747849452774972, 649567.5 ], [ 2173477.862767692655325, 649562.5 ], [ 2173478.728737849742174, 649557.5 ], [ 2173480.352317865472287, 649552.5 ], [ 2173482.5, 649548.83368772873655 ], [ 2173483.440271126106381, 649547.5 ], [ 2173487.5, 649544.406077965162694 ], [ 2173489.541288224980235, 649542.5 ], [ 2173492.5, 649540.612502834643237 ], [ 2173495.955348800867796, 649537.5 ], [ 2173497.5, 649536.267922259750776 ], [ 2173500.823665097355843, 649532.5 ], [ 2173502.5, 649530.632083096075803 ], [ 2173504.57091544335708, 649527.5 ], [ 2173507.5, 649523.808208676055074 ], [ 2173508.474059100728482, 649522.5 ], [ 2173512.5, 649518.230411328258924 ], [ 2173513.412268845830113, 649517.5 ], [ 2173517.5, 649513.4082679747371 ], [ 2173518.976380677893758, 649512.5 ], [ 2173522.5, 649508.660228379769251 ], [ 2173527.5, 649508.460754151572473 ], [ 2173532.5, 649509.12978371954523 ], [ 2173533.387820434756577, 649507.5 ], [ 2173535.632178739178926, 649502.5 ], [ 2173537.068869692273438, 649497.5 ], [ 2173537.5, 649493.518973541795276 ], [ 2173537.550541115459055, 649492.5 ], [ 2173537.50208966108039, 649487.5 ], [ 2173537.5, 649487.459949115174823 ], [ 2173537.077134466264397, 649482.5 ], [ 2173536.766049757134169, 649477.5 ], [ 2173537.281949064228684, 649472.5 ], [ 2173537.5, 649471.696392558747903 ], [ 2173538.481458279769868, 649467.5 ], [ 2173539.711294045206159, 649462.5 ], [ 2173540.520073907915503, 649457.5 ], [ 2173541.438391003292054, 649452.5 ], [ 2173542.5, 649449.212142184376717 ], [ 2173542.966782105155289, 649447.5 ], [ 2173544.766500778030604, 649442.5 ], [ 2173546.739131946116686, 649437.5 ], [ 2173547.5, 649434.390479415887967 ], [ 2173547.764973883517087, 649432.5 ], [ 2173547.649254335556179, 649427.5 ], [ 2173547.5, 649426.688309067860246 ], [ 2173546.290212189778686, 649422.5 ], [ 2173544.489938185084611, 649417.5 ], [ 2173542.877671656664461, 649412.5 ], [ 2173542.5, 649411.171972921700217 ], [ 2173541.009015140123665, 649407.5 ], [ 2173539.679327747784555, 649402.5 ], [ 2173538.750210189260542, 649397.5 ], [ 2173537.809418882708997, 649392.5 ], [ 2173537.5, 649390.95066585636232 ], [ 2173536.412812884431332, 649387.5 ], [ 2173535.257969035767019, 649382.5 ], [ 2173534.591686576139182, 649377.5 ], [ 2173534.124897363595665, 649372.5 ], [ 2173533.691557243932039, 649367.5 ], [ 2173533.194990294519812, 649362.5 ], [ 2173532.534603029023856, 649357.5 ], [ 2173532.5, 649357.313669083407149 ], [ 2173531.216491954401135, 649352.5 ], [ 2173529.717105643823743, 649347.5 ], [ 2173528.064407667145133, 649342.5 ], [ 2173527.5, 649341.122142132371664 ], [ 2173525.50280349329114, 649337.5 ], [ 2173522.5, 649333.373846814967692 ], [ 2173521.607118492014706, 649332.5 ], [ 2173517.5, 649329.688204616657458 ], [ 2173513.23772549116984, 649327.5 ], [ 2173512.5, 649327.233182310941629 ], [ 2173507.5, 649325.795913842273876 ], [ 2173502.5, 649324.00680027436465 ], [ 2173499.431734675075859, 649322.5 ], [ 2173497.5, 649321.732274957350455 ], [ 2173492.5, 649319.596451083896682 ], [ 2173488.011158951092511, 649317.5 ], [ 2173487.5, 649317.30398829258047 ], [ 2173482.5, 649315.553304111468606 ], [ 2173477.5, 649313.752736932132393 ], [ 2173473.326958912424743, 649312.5 ], [ 2173472.5, 649312.323229517554864 ], [ 2173467.5, 649311.587672831607051 ], [ 2173462.5, 649310.578476021881215 ], [ 2173457.5, 649309.018951507983729 ], [ 2173453.342535404488444, 649307.5 ], [ 2173452.5, 649307.278381814016029 ], [ 2173447.5, 649306.050107070244849 ], [ 2173442.5, 649304.463665959774517 ], [ 2173438.258536267559975, 649302.5 ], [ 2173437.5, 649302.195715355803259 ], [ 2173432.5, 649300.092001745128073 ], [ 2173427.5, 649297.500543892732821 ], [ 2173427.498916066717356, 649297.5 ], [ 2173422.5, 649295.603360339649953 ], [ 2173417.5, 649293.576492879190482 ], [ 2173415.232042170595378, 649292.5 ], [ 2173412.5, 649291.518559785559773 ], [ 2173407.5, 649289.386543324333616 ], [ 2173403.322435297071934, 649287.5 ], [ 2173402.5, 649287.25760757108219 ], [ 2173397.5, 649286.025379196042195 ], [ 2173392.5, 649284.395011597662233 ], [ 2173388.478752455674112, 649282.5 ], [ 2173387.5, 649282.108880159794353 ] ], [ [ 2173512.349554189946502, 649837.5 ], [ 2173512.5, 649837.671853056875989 ], [ 2173515.870514663401991, 649842.5 ], [ 2173517.336065930780023, 649847.5 ], [ 2173517.5, 649849.106729673570953 ], [ 2173518.057323378510773, 649852.5 ], [ 2173517.5, 649855.090327685000375 ], [ 2173517.084683646913618, 649857.5 ], [ 2173513.742924975696951, 649862.5 ], [ 2173512.5, 649863.600527975359 ], [ 2173507.5, 649865.908420593594201 ], [ 2173502.5, 649865.520908430451527 ], [ 2173497.5, 649862.573009698651731 ], [ 2173497.421397760044783, 649862.5 ], [ 2173493.017288246192038, 649857.5 ], [ 2173492.5, 649856.542251863749698 ], [ 2173490.271444017533213, 649852.5 ], [ 2173488.969400949776173, 649847.5 ], [ 2173489.095885482616723, 649842.5 ], [ 2173491.463903631083667, 649837.5 ], [ 2173492.5, 649836.44020038691815 ], [ 2173497.5, 649833.47616511117667 ], [ 2173502.5, 649832.736326807993464 ], [ 2173507.5, 649833.708565096603706 ], [ 2173512.349554189946502, 649837.5 ] ], [ [ 2173473.129538328386843, 649847.5 ], [ 2173473.04918089741841, 649852.5 ], [ 2173472.5, 649853.201702707912773 ], [ 2173467.5, 649853.832977488869801 ], [ 2173466.552897472400218, 649852.5 ], [ 2173466.78102243412286, 649847.5 ], [ 2173467.5, 649846.572094174800441 ], [ 2173472.5, 649846.753382361028343 ], [ 2173473.129538328386843, 649847.5 ] ], [ [ 2173444.695081719197333, 649817.5 ], [ 2173446.139529048465192, 649822.5 ], [ 2173443.810620220378041, 649827.5 ], [ 2173442.5, 649828.532506632618606 ], [ 2173437.5, 649831.021550291683525 ], [ 2173432.5, 649831.897318420582451 ], [ 2173427.5, 649830.066001159255393 ], [ 2173425.526648171246052, 649827.5 ], [ 2173425.130151221528649, 649822.5 ], [ 2173427.497871152125299, 649817.5 ], [ 2173427.5, 649817.497618158347905 ], [ 2173432.5, 649813.614401035360061 ], [ 2173437.5, 649812.802891607047059 ], [ 2173442.5, 649814.993641736917198 ], [ 2173444.695081719197333, 649817.5 ] ], [ [ 2173547.5, 649691.614975217264146 ], [ 2173544.524643116630614, 649692.5 ], [ 2173542.5, 649696.478230429580435 ], [ 2173542.404413883108646, 649697.5 ], [ 2173542.5, 649701.262385261943564 ], [ 2173542.720795899629593, 649702.5 ], [ 2173547.5, 649705.730089993914589 ], [ 2173549.261168222408742, 649702.5 ], [ 2173551.094470517709851, 649697.5 ], [ 2173548.788085975218564, 649692.5 ], [ 2173547.5, 649691.614975217264146 ] ], [ [ 2173507.5, 649586.766384243266657 ], [ 2173502.5, 649584.269330862676725 ], [ 2173497.5, 649585.949968165601604 ], [ 2173496.179429731797427, 649587.5 ], [ 2173494.010844171978533, 649592.5 ], [ 2173492.5, 649596.289835641393438 ], [ 2173492.081197509076446, 649597.5 ], [ 2173489.004264397546649, 649602.5 ], [ 2173487.5, 649604.886619705590419 ], [ 2173485.930731444153935, 649607.5 ], [ 2173485.701719506643713, 649612.5 ], [ 2173486.330328479874879, 649617.5 ], [ 2173486.919292723294348, 649622.5 ], [ 2173486.958932241424918, 649627.5 ], [ 2173486.424866346642375, 649632.5 ], [ 2173486.145474118180573, 649637.5 ], [ 2173486.84330947464332, 649642.5 ], [ 2173487.5, 649644.752647609682754 ], [ 2173489.135224782861769, 649647.5 ], [ 2173491.86998662725091, 649652.5 ], [ 2173492.5, 649654.731445098179393 ], [ 2173497.5, 649656.56787111738231 ], [ 2173498.989837863948196, 649652.5 ], [ 2173502.5, 649649.032611142960377 ], [ 2173503.609546008519828, 649647.5 ], [ 2173507.5, 649644.418444427894428 ], [ 2173510.787277176044881, 649642.5 ], [ 2173512.5, 649641.519721400574781 ], [ 2173517.5, 649640.21041775343474 ], [ 2173522.5, 649641.265184353920631 ], [ 2173523.920161995571107, 649642.5 ], [ 2173527.5, 649645.369356174487621 ], [ 2173528.96686212066561, 649647.5 ], [ 2173531.59174514375627, 649652.5 ], [ 2173532.5, 649654.763995661633089 ], [ 2173537.5, 649656.618656711885706 ], [ 2173542.5, 649653.135834150132723 ], [ 2173543.36280832439661, 649652.5 ], [ 2173546.997988904360682, 649647.5 ], [ 2173547.5, 649646.377710968721658 ], [ 2173548.399234971497208, 649642.5 ], [ 2173549.347936941310763, 649637.5 ], [ 2173550.113184530287981, 649632.5 ], [ 2173550.293620990589261, 649627.5 ], [ 2173549.40253785206005, 649622.5 ], [ 2173547.820320443250239, 649617.5 ], [ 2173547.5, 649616.611165240290575 ], [ 2173546.267170772887766, 649617.5 ], [ 2173542.5, 649619.665137789910659 ], [ 2173540.117685559205711, 649622.5 ], [ 2173537.5, 649624.53457122691907 ], [ 2173532.5, 649626.958115268032998 ], [ 2173530.097802160773426, 649627.5 ], [ 2173527.5, 649628.757434392115101 ], [ 2173522.5, 649628.546308449120261 ], [ 2173521.221755953505635, 649627.5 ], [ 2173517.5, 649625.923960699699819 ], [ 2173514.456110550090671, 649622.5 ], [ 2173512.5, 649619.890661557670683 ], [ 2173511.036571925505996, 649617.5 ], [ 2173508.961610626429319, 649612.5 ], [ 2173507.940602011978626, 649607.5 ], [ 2173507.792155552189797, 649602.5 ], [ 2173508.370061979163438, 649597.5 ], [ 2173508.924752006772906, 649592.5 ], [ 2173507.961020683404058, 649587.5 ], [ 2173507.5, 649586.766384243266657 ] ] ] } },
{ "type": "Feature", "properties": { "fid": 7, "time": "2023-01-01", "year": 2023 }, "geometry": { "type": "MultiLineString", "coordinates": [ [ [ 2173387.5, 649282.270011988002807 ], [ 2173382.5, 649281.036489629885182 ], [ 2173377.5, 649280.297187849646434 ], [ 2173372.5, 649280.226869083126076 ], [ 2173367.5, 649280.530299864360131 ], [ 2173362.5, 649280.656086944742128 ], [ 2173357.5, 649280.504952008952387 ], [ 2173352.5, 649280.325461921747774 ], [ 2173347.5, 649280.334962781402282 ], [ 2173342.5, 649280.682047239271924 ], [ 2173337.5, 649281.344545935280621 ], [ 2173332.5, 649282.115738477325067 ], [ 2173329.21633929386735, 649282.5 ], [ 2173327.5, 649282.803202253184281 ], [ 2173322.5, 649282.884657494607382 ], [ 2173318.608001655898988, 649282.5 ], [ 2173317.5, 649282.426658635376953 ], [ 2173312.5, 649282.256494257249869 ], [ 2173309.147495805751532, 649282.5 ], [ 2173307.5, 649282.665988940396346 ], [ 2173302.5, 649284.028213206445798 ], [ 2173297.5, 649286.068355114199221 ], [ 2173294.960324896033853, 649287.5 ], [ 2173292.5, 649289.072239793720655 ], [ 2173287.636156481690705, 649292.5 ], [ 2173287.5, 649292.606668689288199 ], [ 2173282.5, 649297.157796545652673 ], [ 2173282.161776886321604, 649297.5 ], [ 2173277.5, 649302.445458231843077 ], [ 2173277.452231673058122, 649302.5 ], [ 2173273.843001919332892, 649307.5 ], [ 2173272.5, 649309.721941210911609 ], [ 2173271.118447119370103, 649312.5 ], [ 2173268.828032847028226, 649317.5 ], [ 2173267.5, 649320.103284573182464 ], [ 2173266.424723518081009, 649322.5 ], [ 2173263.776119248010218, 649327.5 ], [ 2173262.5, 649329.425588980084285 ], [ 2173260.582608161028475, 649332.5 ], [ 2173257.5, 649336.790598101099022 ], [ 2173257.00937519967556, 649337.5 ], [ 2173253.817733203060925, 649342.5 ], [ 2173252.5, 649344.504884854424745 ], [ 2173250.773276146501303, 649347.5 ], [ 2173248.015720933210105, 649352.5 ], [ 2173247.5, 649353.675302881165408 ], [ 2173246.257779645733535, 649357.5 ], [ 2173245.287776849698275, 649362.5 ], [ 2173244.383471990004182, 649367.5 ], [ 2173243.353063968941569, 649372.5 ], [ 2173242.5, 649377.458073844318278 ], [ 2173242.49450313532725, 649377.5 ], [ 2173242.141438387800008, 649382.5 ], [ 2173241.958263245411217, 649387.5 ], [ 2173241.81020716810599, 649392.5 ], [ 2173241.532782211899757, 649397.5 ], [ 2173241.257447388488799, 649402.5 ], [ 2173241.278322279453278, 649407.5 ], [ 2173241.615596774499863, 649412.5 ], [ 2173242.160899899434298, 649417.5 ], [ 2173242.5, 649419.767383621889167 ], [ 2173243.051354669500142, 649422.5 ], [ 2173244.282019180245697, 649427.5 ], [ 2173245.63665448827669, 649432.5 ], [ 2173247.057010195683688, 649437.5 ], [ 2173247.5, 649439.106766377110034 ], [ 2173248.619075845461339, 649442.5 ], [ 2173249.727860949467868, 649447.5 ], [ 2173250.537882509641349, 649452.5 ], [ 2173251.470643462613225, 649457.5 ], [ 2173252.5, 649461.544602254754864 ], [ 2173252.829236230812967, 649462.5 ], [ 2173254.953509461600333, 649467.5 ], [ 2173256.97749832412228, 649472.5 ], [ 2173257.5, 649474.020666975295171 ], [ 2173258.864225829951465, 649477.5 ], [ 2173260.082746130414307, 649482.5 ], [ 2173260.664314494933933, 649487.5 ], [ 2173260.998059328179806, 649492.5 ], [ 2173261.72959169652313, 649497.5 ], [ 2173262.5, 649500.267972783301957 ], [ 2173263.271926854271442, 649502.5 ], [ 2173265.512033776380122, 649507.5 ], [ 2173267.5, 649511.496828674338758 ], [ 2173268.056252933572978, 649512.5 ], [ 2173270.487376561388373, 649517.5 ], [ 2173272.433232735842466, 649522.5 ], [ 2173272.5, 649522.676693873363547 ], [ 2173274.777118849102408, 649527.5 ], [ 2173276.813818810973316, 649532.5 ], [ 2173277.5, 649534.48708521714434 ], [ 2173278.701226974371821, 649537.5 ], [ 2173279.924850481096655, 649542.5 ], [ 2173280.670391869265586, 649547.5 ], [ 2173281.199608586262912, 649552.5 ], [ 2173281.664624117314816, 649557.5 ], [ 2173282.163311649579555, 649562.5 ], [ 2173282.5, 649565.296665710280649 ], [ 2173282.869325402658433, 649567.5 ], [ 2173283.967911734711379, 649572.5 ], [ 2173285.440861967857927, 649577.5 ], [ 2173287.014357173349708, 649582.5 ], [ 2173287.5, 649584.248101038741879 ], [ 2173288.571120000910014, 649587.5 ], [ 2173289.822017993312329, 649592.5 ], [ 2173290.890077613759786, 649597.5 ], [ 2173291.802560242824256, 649602.5 ], [ 2173292.461695693433285, 649607.5 ], [ 2173292.5, 649607.898286276147701 ], [ 2173293.151804934255779, 649612.5 ], [ 2173293.8924674782902, 649617.5 ], [ 2173294.829077213071287, 649622.5 ], [ 2173295.95737882098183, 649627.5 ], [ 2173297.121162375900894, 649632.5 ], [ 2173297.5, 649634.405688354978338 ], [ 2173298.34993528900668, 649637.5 ], [ 2173299.253354116342962, 649642.5 ], [ 2173299.636038761585951, 649647.5 ], [ 2173300.032832845114172, 649652.5 ], [ 2173301.299395662266761, 649657.5 ], [ 2173302.5, 649660.161606945679523 ], [ 2173303.943467581178993, 649662.5 ], [ 2173307.5, 649667.092358149704523 ], [ 2173307.842905147001147, 649667.5 ], [ 2173312.312698353081942, 649672.5 ], [ 2173312.5, 649672.727670487831347 ], [ 2173316.285597483627498, 649677.5 ], [ 2173317.5, 649679.495059268898331 ], [ 2173319.174729963764548, 649682.5 ], [ 2173321.028612588066608, 649687.5 ], [ 2173322.307505028788, 649692.5 ], [ 2173322.5, 649693.445738043403253 ], [ 2173323.621300614438951, 649697.5 ], [ 2173324.71053414279595, 649702.5 ], [ 2173325.680806490126997, 649707.5 ], [ 2173326.795612026937306, 649712.5 ], [ 2173327.5, 649714.626040140283294 ], [ 2173328.639404442626983, 649717.5 ], [ 2173330.80759776616469, 649722.5 ], [ 2173332.5, 649726.583905637147836 ], [ 2173332.96472792327404, 649727.5 ], [ 2173335.399685751646757, 649732.5 ], [ 2173337.341225284151733, 649737.5 ], [ 2173337.5, 649737.965050933067687 ], [ 2173339.3428467316553, 649742.5 ], [ 2173340.924602691084146, 649747.5 ], [ 2173342.319292180705816, 649752.5 ], [ 2173342.5, 649753.091433658031747 ], [ 2173344.131547113880515, 649757.5 ], [ 2173345.773653983604163, 649762.5 ], [ 2173346.921564750839025, 649767.5 ], [ 2173347.5, 649771.119278608704917 ], [ 2173347.770249071530998, 649772.5 ], [ 2173348.76218470884487, 649777.5 ], [ 2173349.985621783416718, 649782.5 ], [ 2173351.412328457925469, 649787.5 ], [ 2173352.5, 649791.364689747570083 ], [ 2173352.8824546886608, 649792.5 ], [ 2173354.335635418072343, 649797.5 ], [ 2173355.534822313115001, 649802.5 ], [ 2173356.754500871524215, 649807.5 ], [ 2173357.5, 649809.760713440133259 ], [ 2173358.59242972265929, 649812.5 ], [ 2173361.120913146529347, 649817.5 ], [ 2173362.5, 649819.975467302137986 ], [ 2173364.089335629250854, 649822.5 ], [ 2173366.746974100358784, 649827.5 ], [ 2173367.5, 649829.129738307325169 ], [ 2173369.233967090025544, 649832.5 ], [ 2173371.138360315002501, 649837.5 ], [ 2173372.5, 649841.77767021022737 ], [ 2173372.789791932329535, 649842.5 ], [ 2173374.75087166717276, 649847.5 ], [ 2173376.550268208608031, 649852.5 ], [ 2173377.5, 649855.150629638577811 ], [ 2173378.447198484558612, 649857.5 ], [ 2173380.026522424537688, 649862.5 ], [ 2173381.090926303062588, 649867.5 ], [ 2173381.957879376597703, 649872.5 ], [ 2173382.5, 649875.041799087775871 ], [ 2173383.184357227757573, 649877.5 ], [ 2173384.914231878705323, 649882.5 ], [ 2173386.863255745265633, 649887.5 ], [ 2173387.5, 649889.091259814449586 ], [ 2173388.931071656756103, 649892.5 ], [ 2173390.441536021418869, 649897.5 ], [ 2173391.53736184630543, 649902.5 ], [ 2173392.467397028114647, 649907.5 ], [ 2173392.5, 649907.66976340173278 ], [ 2173393.849294385872781, 649912.5 ], [ 2173395.284396942704916, 649917.5 ], [ 2173396.953474696259946, 649922.5 ], [ 2173397.5, 649923.670472275232896 ], [ 2173399.801705215591937, 649927.5 ], [ 2173402.5, 649932.069890370010398 ], [ 2173402.78310605417937, 649932.5 ], [ 2173405.867256186902523, 649937.5 ], [ 2173407.5, 649941.142084620660171 ], [ 2173408.172922382131219, 649942.5 ], [ 2173409.889850744977593, 649947.5 ], [ 2173411.00246481411159, 649952.5 ], [ 2173411.98138405289501, 649957.5 ], [ 2173412.5, 649959.766065705218352 ], [ 2173413.445447987411171, 649962.5 ], [ 2173415.467495169490576, 649967.5 ], [ 2173417.5, 649972.101217314600945 ], [ 2173417.757463830988854, 649972.5 ], [ 2173421.270581221207976, 649977.5 ], [ 2173422.5, 649979.303189345286228 ], [ 2173425.156509905587882, 649982.5 ], [ 2173427.5, 649985.528617283212952 ], [ 2173429.37926707463339, 649987.5 ], [ 2173432.5, 649990.77621233696118 ], [ 2173434.308913626242429, 649992.5 ], [ 2173437.5, 649995.234996162704192 ], [ 2173440.328268570825458, 649997.5 ], [ 2173442.5, 649998.8807143146405 ], [ 2173447.5, 650001.745212094858289 ], [ 2173448.875828501302749, 650002.5 ], [ 2173452.5, 650003.996983474236913 ], [ 2173457.5, 650006.191777538042516 ], [ 2173460.112728485837579, 650007.5 ], [ 2173462.5, 650008.485003246692941 ], [ 2173467.5, 650010.951521845767274 ], [ 2173469.878842844627798, 650012.5 ], [ 2173472.5, 650014.161681293509901 ], [ 2173476.392225977964699, 650017.5 ], [ 2173477.5, 650018.518392741098069 ], [ 2173481.191105984617025, 650022.5 ], [ 2173482.5, 650023.802996836719103 ], [ 2173486.634106238372624, 650027.5 ], [ 2173487.5, 650028.086881360621192 ], [ 2173492.5, 650030.416200304985978 ], [ 2173497.094683502800763, 650032.5 ], [ 2173497.5, 650032.630199118517339 ], [ 2173502.5, 650034.190599594498053 ], [ 2173507.5, 650035.901333730434999 ], [ 2173511.308913218323141, 650037.5 ], [ 2173512.5, 650037.912000196287408 ], [ 2173517.5, 650039.960620395373553 ], [ 2173521.602667105384171, 650042.5 ], [ 2173522.5, 650042.966794140869752 ], [ 2173527.5, 650046.187493271310814 ], [ 2173529.093590425793082, 650047.5 ], [ 2173532.5, 650050.277115749078803 ], [ 2173535.020721261855215, 650052.5 ], [ 2173537.5, 650054.870419912738726 ], [ 2173540.60398864839226, 650057.5 ], [ 2173542.5, 650059.691194200888276 ], [ 2173545.050617760512978, 650062.5 ], [ 2173547.155241477303207, 650067.5 ], [ 2173547.5, 650068.931748118484393 ], [ 2173548.726090569514781, 650072.5 ], [ 2173550.090706360992044, 650077.5 ], [ 2173551.341849629301578, 650082.5 ], [ 2173552.5, 650086.996877888101153 ], [ 2173552.690835967194289, 650087.5 ], [ 2173554.921380958519876, 650092.5 ], [ 2173556.914442352484912, 650097.5 ], [ 2173557.5, 650098.773354897159152 ], [ 2173560.104405927006155, 650102.5 ], [ 2173562.5, 650106.131649422226474 ], [ 2173563.65043334942311, 650107.5 ], [ 2173567.5, 650111.621248790528625 ], [ 2173568.616477268282324, 650112.5 ], [ 2173572.5, 650114.699994868831709 ], [ 2173577.5, 650117.233173082349822 ], [ 2173578.196471054572612, 650117.5 ], [ 2173582.5, 650118.601055813604034 ], [ 2173587.5, 650119.178331302129664 ], [ 2173592.5, 650118.879576624138281 ], [ 2173597.5, 650117.56602557154838 ], [ 2173597.651460575405508, 650117.5 ], [ 2173602.5, 650114.77805451664608 ], [ 2173606.456990426406264, 650112.5 ], [ 2173607.5, 650111.649268055800349 ], [ 2173612.5, 650107.628131982171908 ], [ 2173612.648368989117444, 650107.5 ], [ 2173616.747996024321765, 650102.5 ], [ 2173617.5, 650101.132988577359356 ], [ 2173619.140250142198056, 650097.5 ], [ 2173620.796466365922242, 650092.5 ], [ 2173621.747282431926578, 650087.5 ], [ 2173621.338365824893117, 650082.5 ], [ 2173619.545398460235447, 650077.5 ], [ 2173617.5, 650073.923367276787758 ], [ 2173616.530103567056358, 650072.5 ], [ 2173612.5, 650067.805203097406775 ], [ 2173612.204475312959403, 650067.5 ], [ 2173607.5, 650063.555795358028263 ], [ 2173606.102301598060876, 650062.5 ], [ 2173602.5, 650059.571653918130323 ], [ 2173599.463959072716534, 650057.5 ], [ 2173597.5, 650055.599692827672698 ], [ 2173593.753979682456702, 650052.5 ], [ 2173592.5, 650050.235270105302334 ], [ 2173589.746699206996709, 650047.5 ], [ 2173588.824018169660121, 650042.5 ], [ 2173588.948733106721193, 650037.5 ], [ 2173588.781108735594898, 650032.5 ], [ 2173588.186641821172088, 650027.5 ], [ 2173587.5, 650023.847364838933572 ], [ 2173587.132837187033147, 650022.5 ], [ 2173585.644942032638937, 650017.5 ], [ 2173584.803761415183544, 650012.5 ], [ 2173584.434945670887828, 650007.5 ], [ 2173584.134650838561356, 650002.5 ], [ 2173583.601464941166341, 649997.5 ], [ 2173582.62155889859423, 649992.5 ], [ 2173582.5, 649992.084188654203899 ], [ 2173580.416078706737608, 649987.5 ], [ 2173578.736122702714056, 649982.5 ], [ 2173577.557695500552654, 649977.5 ], [ 2173577.5, 649977.234009483829141 ], [ 2173575.929902375210077, 649972.5 ], [ 2173574.433670499827713, 649967.5 ], [ 2173572.83460270985961, 649962.5 ], [ 2173572.5, 649961.580390173010528 ], [ 2173569.742032085545361, 649957.5 ], [ 2173567.643627868965268, 649952.5 ], [ 2173567.5, 649952.063971786759794 ], [ 2173565.028018114157021, 649947.5 ], [ 2173563.187038386240602, 649942.5 ], [ 2173562.5, 649940.673651278018951 ], [ 2173558.432713098358363, 649937.5 ], [ 2173557.5, 649936.981075344490819 ], [ 2173552.5, 649937.391792334034108 ], [ 2173551.86107669537887, 649937.5 ], [ 2173547.5, 649939.040875281672925 ], [ 2173542.5, 649942.376987117924727 ], [ 2173542.42489419830963, 649942.5 ], [ 2173540.80885543115437, 649947.5 ], [ 2173537.5, 649952.378492828924209 ], [ 2173537.449390334077179, 649952.5 ], [ 2173532.702685789205134, 649957.5 ], [ 2173532.5, 649957.641722529777326 ], [ 2173527.5, 649961.391010060440749 ], [ 2173525.765597063582391, 649962.5 ], [ 2173522.5, 649965.104630461893976 ], [ 2173519.031353120692074, 649967.5 ], [ 2173517.5, 649968.587714746128768 ], [ 2173512.5, 649970.094281758996658 ], [ 2173507.5, 649970.247808267595246 ], [ 2173502.5, 649970.695549994241446 ], [ 2173497.5, 649971.55093444569502 ], [ 2173492.5, 649971.722570416633971 ], [ 2173487.5, 649970.822194058797322 ], [ 2173482.5, 649968.537902943673544 ], [ 2173481.195130336098373, 649967.5 ], [ 2173477.5, 649963.978647269075736 ], [ 2173476.281337081920356, 649962.5 ], [ 2173472.755010399036109, 649957.5 ], [ 2173472.5, 649957.137035232153721 ], [ 2173468.87609676271677, 649952.5 ], [ 2173467.5, 649951.001840396784246 ], [ 2173463.203930576331913, 649947.5 ], [ 2173462.5, 649947.003314343164675 ], [ 2173457.5, 649944.070346181280911 ], [ 2173455.428457323927432, 649942.5 ], [ 2173452.5, 649940.123456702451222 ], [ 2173450.176373904105276, 649937.5 ], [ 2173447.5, 649934.086356737068854 ], [ 2173446.322620782069862, 649932.5 ], [ 2173443.061128903646022, 649927.5 ], [ 2173442.5, 649926.54103764530737 ], [ 2173440.275155541021377, 649922.5 ], [ 2173438.36749075492844, 649917.5 ], [ 2173437.5, 649913.823381543974392 ], [ 2173437.120506284292787, 649912.5 ], [ 2173436.731327385175973, 649907.5 ], [ 2173437.5, 649904.339622142142616 ], [ 2173438.111088315024972, 649902.5 ], [ 2173442.5, 649898.476078472100198 ], [ 2173447.5, 649898.292530037695542 ], [ 2173452.5, 649900.773856105748564 ], [ 2173454.568695052526891, 649902.5 ], [ 2173457.5, 649904.848055538139306 ], [ 2173460.288182452321053, 649907.5 ], [ 2173462.5, 649909.531642798567191 ], [ 2173465.914016184862703, 649912.5 ], [ 2173467.5, 649913.829447056166828 ], [ 2173472.5, 649916.152446753112599 ], [ 2173477.5, 649915.166808456648141 ], [ 2173479.231160580646247, 649912.5 ], [ 2173481.202275990508497, 649907.5 ], [ 2173482.5, 649904.983293614233844 ], [ 2173483.853591017890722, 649902.5 ], [ 2173487.5, 649899.122405040776357 ], [ 2173491.918272085953504, 649897.5 ], [ 2173492.5, 649897.292186289676465 ], [ 2173497.5, 649897.42365971475374 ], [ 2173497.825525519903749, 649897.5 ], [ 2173502.5, 649898.571350668091327 ], [ 2173507.5, 649897.996060848003253 ], [ 2173508.116215590387583, 649897.5 ], [ 2173512.407937441952527, 649892.5 ], [ 2173512.5, 649892.224294744315557 ], [ 2173513.52037778776139, 649887.5 ], [ 2173514.12976570893079, 649882.5 ], [ 2173515.246705895289779, 649877.5 ], [ 2173517.5, 649873.478658249485306 ], [ 2173518.769547966774553, 649872.5 ], [ 2173522.5, 649870.666471148724668 ], [ 2173527.5, 649870.615689833415672 ], [ 2173532.5, 649871.24508766096551 ], [ 2173537.5, 649870.815422983490862 ], [ 2173542.5, 649869.391727504087612 ], [ 2173547.5, 649868.086740248836577 ], [ 2173548.52166485413909, 649867.5 ], [ 2173551.02142794849351, 649862.5 ], [ 2173550.070037293247879, 649857.5 ], [ 2173548.71000899747014, 649852.5 ], [ 2173547.5, 649848.043909625150263 ], [ 2173547.261188800446689, 649847.5 ], [ 2173544.126390865072608, 649842.5 ], [ 2173542.5, 649840.955195195623673 ], [ 2173537.5, 649837.564900013851002 ], [ 2173537.397919233888388, 649837.5 ], [ 2173532.5, 649834.922494248719886 ], [ 2173528.490355245769024, 649832.5 ], [ 2173527.5, 649831.79591372597497 ], [ 2173522.5, 649827.763236091006547 ], [ 2173522.227462578099221, 649827.5 ], [ 2173520.314643792342395, 649822.5 ], [ 2173521.232685188762844, 649817.5 ], [ 2173522.5, 649815.773192844819278 ], [ 2173524.992075306363404, 649812.5 ], [ 2173527.5, 649810.681943224626593 ], [ 2173532.5, 649807.926686550024897 ], [ 2173533.535249530337751, 649807.5 ], [ 2173537.5, 649805.823311632149853 ], [ 2173542.5, 649804.562951692845672 ], [ 2173547.5, 649803.890532293589786 ], [ 2173551.439907793421298, 649802.5 ], [ 2173552.5, 649801.638480428257026 ], [ 2173554.19974233256653, 649797.5 ], [ 2173555.297926316969097, 649792.5 ], [ 2173556.121926441788673, 649787.5 ], [ 2173557.000081665813923, 649782.5 ], [ 2173557.5, 649780.107909689540975 ], [ 2173557.928993055596948, 649777.5 ], [ 2173558.838973807636648, 649772.5 ], [ 2173559.77142971009016, 649767.5 ], [ 2173560.648644851054996, 649762.5 ], [ 2173561.262149756308645, 649757.5 ], [ 2173561.122430991847068, 649752.5 ], [ 2173560.183770316187292, 649747.5 ], [ 2173559.136496994644403, 649742.5 ], [ 2173558.556227717082947, 649737.5 ], [ 2173558.67908222367987, 649732.5 ], [ 2173559.090491941198707, 649727.5 ], [ 2173558.92161126434803, 649722.5 ], [ 2173558.328970111906528, 649717.5 ], [ 2173558.146495695225894, 649712.5 ], [ 2173558.644449725281447, 649707.5 ], [ 2173559.356730142142624, 649702.5 ], [ 2173559.272953350096941, 649697.5 ], [ 2173557.944306459277868, 649692.5 ], [ 2173557.5, 649691.721608571475372 ], [ 2173553.395484786015004, 649687.5 ], [ 2173552.5, 649687.011438881629147 ], [ 2173547.5, 649685.791557794553228 ], [ 2173542.5, 649686.901581786340103 ], [ 2173542.100172973703593, 649687.5 ], [ 2173541.522397045046091, 649692.5 ], [ 2173541.168611793313175, 649697.5 ], [ 2173540.37484262092039, 649702.5 ], [ 2173540.524797497317195, 649707.5 ], [ 2173542.169530244544148, 649712.5 ], [ 2173542.5, 649713.473765578470193 ], [ 2173544.443265096284449, 649717.5 ], [ 2173545.673883947078139, 649722.5 ], [ 2173545.805153816007078, 649727.5 ], [ 2173543.710131523665041, 649732.5 ], [ 2173542.5, 649733.758363289060071 ], [ 2173537.5, 649735.523214290500619 ], [ 2173532.5, 649734.580339474487118 ], [ 2173527.5, 649733.529821669566445 ], [ 2173522.5, 649734.787098599714227 ], [ 2173517.5, 649736.572838409687392 ], [ 2173514.673045231029391, 649737.5 ], [ 2173512.5, 649738.839892780641094 ], [ 2173508.656346035655588, 649742.5 ], [ 2173507.610285021364689, 649747.5 ], [ 2173507.718767389655113, 649752.5 ], [ 2173507.5, 649754.368370505631901 ], [ 2173506.654048067517579, 649757.5 ], [ 2173505.879562395159155, 649762.5 ], [ 2173507.5, 649762.78887237678282 ], [ 2173512.5, 649766.513157545472495 ], [ 2173513.239234495442361, 649767.5 ], [ 2173517.206692616455257, 649772.5 ], [ 2173517.5, 649773.044942519045435 ], [ 2173519.503189072478563, 649777.5 ], [ 2173520.512360008899122, 649782.5 ], [ 2173520.123624006286263, 649787.5 ], [ 2173517.732562978286296, 649792.5 ], [ 2173517.5, 649792.806343852658756 ], [ 2173513.289810090325773, 649797.5 ], [ 2173512.5, 649798.176039350801148 ], [ 2173507.5, 649800.963449245900847 ], [ 2173502.5, 649801.488984598079696 ], [ 2173497.5, 649800.232223821803927 ], [ 2173493.411125742830336, 649797.5 ], [ 2173492.5, 649796.76409370964393 ], [ 2173488.493262300267816, 649792.5 ], [ 2173487.5, 649790.854060102952644 ], [ 2173485.256568912416697, 649787.5 ], [ 2173483.919753381516784, 649782.5 ], [ 2173484.241171851754189, 649777.5 ], [ 2173487.057699535042048, 649772.5 ], [ 2173487.5, 649772.035196795477532 ], [ 2173492.5, 649768.507306925719604 ], [ 2173494.297626265790313, 649767.5 ], [ 2173497.5, 649763.940053560072556 ], [ 2173500.532436113338917, 649762.5 ], [ 2173497.5, 649760.083027143264189 ], [ 2173496.21485138963908, 649757.5 ], [ 2173492.5, 649752.926934603601694 ], [ 2173492.313763646408916, 649752.5 ], [ 2173490.202063906006515, 649747.5 ], [ 2173488.414685893338174, 649742.5 ], [ 2173487.5, 649739.922011105110869 ], [ 2173486.567679793573916, 649737.5 ], [ 2173483.093828566372395, 649732.5 ], [ 2173482.5, 649732.068782593705691 ], [ 2173477.5, 649729.91705363127403 ], [ 2173472.5, 649729.251199958613142 ], [ 2173467.5, 649729.214925647480413 ], [ 2173462.5, 649729.265350547502749 ], [ 2173457.5, 649728.845386169850826 ], [ 2173453.760827417019755, 649727.5 ], [ 2173452.5, 649726.808655862114392 ], [ 2173448.707518779672682, 649722.5 ], [ 2173447.5, 649718.081307211890817 ], [ 2173447.36081155249849, 649717.5 ], [ 2173447.22692919196561, 649712.5 ], [ 2173447.360684636980295, 649707.5 ], [ 2173446.93997323140502, 649702.5 ], [ 2173445.576322395820171, 649697.5 ], [ 2173443.150429736822844, 649692.5 ], [ 2173442.5, 649691.536139545729384 ], [ 2173439.312725267838687, 649687.5 ], [ 2173437.5, 649685.152738948585466 ], [ 2173435.535497987177223, 649682.5 ], [ 2173432.5, 649677.583608792163432 ], [ 2173432.450904461089522, 649677.5 ], [ 2173429.327426871284842, 649672.5 ], [ 2173427.5, 649669.823962459689938 ], [ 2173425.775684108491987, 649667.5 ], [ 2173422.5, 649663.305803915252909 ], [ 2173421.822948331944644, 649662.5 ], [ 2173417.771024947520345, 649657.5 ], [ 2173417.5, 649657.129650972317904 ], [ 2173413.21101595973596, 649652.5 ], [ 2173412.5, 649651.734301189659163 ], [ 2173407.5, 649648.050049067358486 ], [ 2173406.451959378551692, 649647.5 ], [ 2173402.5, 649644.316281318780966 ], [ 2173400.854040353558958, 649642.5 ], [ 2173398.610318220686167, 649637.5 ], [ 2173397.5, 649635.105868547922 ], [ 2173396.336495751980692, 649632.5 ], [ 2173392.975619172211736, 649627.5 ], [ 2173392.5, 649626.918406391632743 ], [ 2173388.601444444619119, 649622.5 ], [ 2173387.5, 649621.203203110489994 ], [ 2173384.777424703817815, 649617.5 ], [ 2173382.5, 649612.835300135542639 ], [ 2173382.368508309591562, 649612.5 ], [ 2173381.214626654516906, 649607.5 ], [ 2173380.454133545048535, 649602.5 ], [ 2173379.47665110649541, 649597.5 ], [ 2173377.5, 649592.97232570592314 ], [ 2173377.261654357425869, 649592.5 ], [ 2173373.773875412531197, 649587.5 ], [ 2173372.5, 649585.463318206835538 ], [ 2173370.845206690486521, 649582.5 ], [ 2173369.280556761194021, 649577.5 ], [ 2173368.737039808183908, 649572.5 ], [ 2173368.64171205740422, 649567.5 ], [ 2173367.977664783131331, 649562.5 ], [ 2173367.5, 649561.071208433015272 ], [ 2173366.182243321556598, 649557.5 ], [ 2173363.195854113902897, 649552.5 ], [ 2173362.5, 649551.585058188880794 ], [ 2173359.370027033146471, 649547.5 ], [ 2173357.5, 649544.491555137676187 ], [ 2173356.426046975888312, 649542.5 ], [ 2173354.821212602313608, 649537.5 ], [ 2173353.662630721926689, 649532.5 ], [ 2173352.5, 649528.298541729687713 ], [ 2173352.281959204003215, 649527.5 ], [ 2173350.206133007537574, 649522.5 ], [ 2173347.5, 649518.223346544196829 ], [ 2173347.013540082611144, 649517.5 ], [ 2173343.414201438892633, 649512.5 ], [ 2173342.5, 649511.336031341459602 ], [ 2173339.587579731363803, 649507.5 ], [ 2173337.5, 649504.881099405116402 ], [ 2173335.823343347758055, 649502.5 ], [ 2173332.96404502959922, 649497.5 ], [ 2173332.5, 649496.276330286054872 ], [ 2173331.439149776473641, 649492.5 ], [ 2173330.796649371273816, 649487.5 ], [ 2173330.523207926657051, 649482.5 ], [ 2173330.167788074351847, 649477.5 ], [ 2173328.898298239801079, 649472.5 ], [ 2173327.5, 649469.939407401368953 ], [ 2173326.313134115654975, 649467.5 ], [ 2173323.667187076527625, 649462.5 ], [ 2173322.5, 649459.335474527091719 ], [ 2173321.962030553258955, 649457.5 ], [ 2173321.30903034331277, 649452.5 ], [ 2173321.200281326659024, 649447.5 ], [ 2173320.997945947572589, 649442.5 ], [ 2173321.331904115621001, 649437.5 ], [ 2173322.5, 649435.777104793931358 ], [ 2173325.733181737363338, 649432.5 ], [ 2173327.5, 649431.590796624659561 ], [ 2173332.5, 649430.659968611667864 ], [ 2173337.5, 649431.547374794958159 ], [ 2173339.525685353670269, 649432.5 ], [ 2173342.5, 649433.823849739390425 ], [ 2173347.5, 649436.587090777931735 ], [ 2173348.955705697182566, 649437.5 ], [ 2173352.5, 649439.527786368271336 ], [ 2173357.34243307961151, 649442.5 ], [ 2173357.5, 649442.589856591890566 ], [ 2173362.5, 649445.571551259723492 ], [ 2173365.605954036582261, 649447.5 ], [ 2173367.5, 649448.632715201703832 ], [ 2173372.5, 649451.190854503074661 ], [ 2173375.936208809260279, 649452.5 ], [ 2173377.5, 649453.14349329250399 ], [ 2173382.5, 649454.582706862012856 ], [ 2173387.5, 649456.593523514573462 ], [ 2173388.846431943587959, 649457.5 ], [ 2173392.5, 649460.68004591576755 ], [ 2173393.971674047876149, 649462.5 ], [ 2173396.886186571791768, 649467.5 ], [ 2173397.5, 649468.67741091910284 ], [ 2173399.976388188544661, 649472.5 ], [ 2173402.5, 649475.360246432712302 ], [ 2173406.008500344119966, 649477.5 ], [ 2173407.5, 649478.305958275916055 ], [ 2173412.5, 649480.100184100796469 ], [ 2173416.444565324112773, 649482.5 ], [ 2173417.5, 649483.391770984162576 ], [ 2173420.922886662650853, 649487.5 ], [ 2173422.5, 649489.663677930017002 ], [ 2173424.564076726790518, 649492.5 ], [ 2173427.5, 649496.396616486599669 ], [ 2173428.236108035780489, 649497.5 ], [ 2173431.143627669196576, 649502.5 ], [ 2173432.5, 649504.941094231791794 ], [ 2173433.929092041682452, 649507.5 ], [ 2173436.756346818059683, 649512.5 ], [ 2173437.5, 649513.719492581789382 ], [ 2173439.685247829649597, 649517.5 ], [ 2173442.5, 649522.085285487119108 ], [ 2173442.799299884121865, 649522.5 ], [ 2173446.6872693519108, 649527.5 ], [ 2173447.5, 649528.500177000067197 ], [ 2173452.5, 649532.396097334101796 ], [ 2173452.932142876088619, 649532.5 ], [ 2173457.5, 649534.826844096183777 ], [ 2173462.5, 649534.306793962838128 ], [ 2173466.953652044758201, 649537.5 ], [ 2173462.5, 649540.649118189001456 ], [ 2173460.991538193076849, 649542.5 ], [ 2173457.5, 649545.14621905668173 ], [ 2173456.412345431279391, 649547.5 ], [ 2173454.337272289674729, 649552.5 ], [ 2173454.296688012313098, 649557.5 ], [ 2173455.879914754536003, 649562.5 ], [ 2173457.5, 649567.010920291068032 ], [ 2173457.660132200457156, 649567.5 ], [ 2173458.940329883713275, 649572.5 ], [ 2173459.836413101293147, 649577.5 ], [ 2173460.788967304397374, 649582.5 ], [ 2173462.291933172848076, 649587.5 ], [ 2173462.5, 649587.978907161857933 ], [ 2173464.733646106906235, 649592.5 ], [ 2173467.5, 649596.894601281266659 ], [ 2173467.979725832119584, 649597.5 ], [ 2173472.357599637005478, 649602.5 ], [ 2173472.5, 649602.648472755216062 ], [ 2173477.360810283571482, 649607.5 ], [ 2173477.5, 649607.655169124598615 ], [ 2173481.231613172683865, 649612.5 ], [ 2173482.5, 649615.266268364153802 ], [ 2173483.538288347423077, 649617.5 ], [ 2173484.82721322728321, 649622.5 ], [ 2173484.971753782127053, 649627.5 ], [ 2173484.231716131791472, 649632.5 ], [ 2173483.701304378919303, 649637.5 ], [ 2173484.129716329742223, 649642.5 ], [ 2173485.363961856812239, 649647.5 ], [ 2173486.906743507366627, 649652.5 ], [ 2173487.5, 649654.648534620646387 ], [ 2173488.574170023668557, 649657.5 ], [ 2173489.805510887410492, 649662.5 ], [ 2173490.463003157172352, 649667.5 ], [ 2173491.891000282485038, 649672.5 ], [ 2173492.5, 649673.018403469701298 ], [ 2173497.5, 649673.193556139012799 ], [ 2173499.293126444797963, 649672.5 ], [ 2173502.5, 649670.471969771082513 ], [ 2173505.638482850044966, 649667.5 ], [ 2173507.5, 649663.927403065143153 ], [ 2173508.072587709408253, 649662.5 ], [ 2173509.005625755526125, 649657.5 ], [ 2173510.471538913436234, 649652.5 ], [ 2173512.5, 649649.280086831771769 ], [ 2173514.339593268930912, 649647.5 ], [ 2173517.5, 649644.878837524796836 ], [ 2173522.5, 649642.88417855440639 ], [ 2173527.5, 649643.206572011113167 ], [ 2173531.085561791434884, 649647.5 ], [ 2173532.5, 649649.114408627152443 ], [ 2173536.755722847301513, 649652.5 ], [ 2173537.5, 649652.861437680316158 ], [ 2173539.390674607828259, 649652.5 ], [ 2173542.5, 649651.709334747749381 ], [ 2173547.5, 649649.459437078097835 ], [ 2173549.174937793053687, 649647.5 ], [ 2173550.968932925257832, 649642.5 ], [ 2173551.927923555020243, 649637.5 ], [ 2173552.5, 649633.879307467024773 ], [ 2173552.567503152880818, 649632.5 ], [ 2173552.760753653477877, 649627.5 ], [ 2173552.831287065520883, 649622.5 ], [ 2173552.686693304684013, 649617.5 ], [ 2173552.5, 649615.37715831247624 ], [ 2173551.564296874217689, 649612.5 ], [ 2173549.459771323949099, 649607.5 ], [ 2173547.5, 649604.641494643641636 ], [ 2173545.626962861511856, 649607.5 ], [ 2173545.171649796422571, 649612.5 ], [ 2173545.068487628363073, 649617.5 ], [ 2173544.401023943442851, 649622.5 ], [ 2173542.525741324294358, 649627.5 ], [ 2173542.5, 649627.545788448653184 ], [ 2173539.450808246154338, 649632.5 ], [ 2173537.5, 649634.394726266036741 ], [ 2173532.5, 649636.959465174120851 ], [ 2173527.800944291520864, 649637.5 ], [ 2173527.5, 649637.830218807328492 ], [ 2173527.404586146119982, 649637.5 ], [ 2173522.5, 649635.080009985831566 ], [ 2173520.924527724273503, 649632.5 ], [ 2173517.5, 649628.911635598284192 ], [ 2173516.600258039310575, 649627.5 ], [ 2173513.702202023938298, 649622.5 ], [ 2173512.5, 649618.870923383161426 ], [ 2173512.021542933769524, 649617.5 ], [ 2173510.889960904140025, 649612.5 ], [ 2173510.557825573254377, 649607.5 ], [ 2173511.446921925991774, 649602.5 ], [ 2173512.5, 649600.251171412761323 ], [ 2173513.837759081739932, 649597.5 ], [ 2173517.5, 649592.718939950922504 ], [ 2173517.76679770834744, 649592.5 ], [ 2173521.163992859423161, 649587.5 ], [ 2173521.63612372521311, 649582.5 ], [ 2173519.296345916111022, 649577.5 ], [ 2173517.5, 649574.593162402161397 ], [ 2173515.736891554668546, 649572.5 ], [ 2173513.311714033130556, 649567.5 ], [ 2173512.5, 649565.836793754366226 ], [ 2173510.976083484478295, 649562.5 ], [ 2173508.687452445738018, 649557.5 ], [ 2173507.5, 649555.365234169526957 ], [ 2173502.554249166045338, 649552.5 ], [ 2173502.5, 649552.475293525843881 ], [ 2173502.340662169270217, 649552.5 ], [ 2173497.5, 649554.103748157271184 ], [ 2173493.667721902951598, 649557.5 ], [ 2173492.5, 649558.804205384338275 ], [ 2173487.722805204801261, 649557.5 ], [ 2173487.5, 649557.438433830509894 ], [ 2173485.250488276593387, 649552.5 ], [ 2173484.223457323852926, 649547.5 ], [ 2173486.896229938603938, 649542.5 ], [ 2173487.5, 649542.087594182463363 ], [ 2173491.84754152270034, 649537.5 ], [ 2173492.5, 649536.784977293107659 ], [ 2173495.259926549624652, 649532.5 ], [ 2173497.5, 649529.455062822438776 ], [ 2173499.005455188453197, 649527.5 ], [ 2173502.5, 649524.484380539157428 ], [ 2173504.886063673067838, 649522.5 ], [ 2173507.5, 649520.879764070734382 ], [ 2173512.5, 649517.803847837261856 ], [ 2173513.017267268151045, 649517.5 ], [ 2173517.5, 649514.330822287127376 ], [ 2173520.721855303738266, 649512.5 ], [ 2173522.5, 649510.132857649005018 ], [ 2173527.5, 649509.396838463959284 ], [ 2173532.5, 649511.587666358682327 ], [ 2173537.301801547873765, 649507.5 ], [ 2173537.5, 649507.271539926063269 ], [ 2173538.417832647450268, 649502.5 ], [ 2173538.876030366402119, 649497.5 ], [ 2173538.959871147759259, 649492.5 ], [ 2173538.790637053083628, 649487.5 ], [ 2173538.388453951571137, 649482.5 ], [ 2173537.8674276471138, 649477.5 ], [ 2173537.52446123957634, 649472.5 ], [ 2173537.585888881236315, 649467.5 ], [ 2173538.128127574920654, 649462.5 ], [ 2173539.256131337955594, 649457.5 ], [ 2173541.491368712391704, 649452.5 ], [ 2173542.5, 649451.130181655869819 ], [ 2173544.833526216447353, 649447.5 ], [ 2173547.5, 649443.459668724681251 ], [ 2173547.845966859254986, 649442.5 ], [ 2173549.218262989073992, 649437.5 ], [ 2173549.986460398416966, 649432.5 ], [ 2173550.103539914358407, 649427.5 ], [ 2173549.462747260462493, 649422.5 ], [ 2173548.273994523566216, 649417.5 ], [ 2173547.5, 649414.747583871008828 ], [ 2173546.55754962656647, 649412.5 ], [ 2173544.790638203732669, 649407.5 ], [ 2173543.70428855670616, 649402.5 ], [ 2173543.060879341792315, 649397.5 ], [ 2173542.513124799355865, 649392.5 ], [ 2173542.5, 649392.405249533592723 ], [ 2173541.566133252345026, 649387.5 ], [ 2173540.352722335606813, 649382.5 ], [ 2173539.100568453315645, 649377.5 ], [ 2173538.056937617715448, 649372.5 ], [ 2173537.5, 649369.351452145958319 ], [ 2173537.044098036363721, 649367.5 ], [ 2173535.872944952920079, 649362.5 ], [ 2173534.741238478105515, 649357.5 ], [ 2173533.538914077915251, 649352.5 ], [ 2173532.5, 649348.866884326096624 ], [ 2173531.946898675523698, 649347.5 ], [ 2173529.77169386530295, 649342.5 ], [ 2173527.508263835683465, 649337.5 ], [ 2173527.5, 649337.486390294041485 ], [ 2173523.133687812834978, 649332.5 ], [ 2173522.5, 649331.972441409248859 ], [ 2173517.5, 649329.761491033365019 ], [ 2173512.5, 649328.426328109926544 ], [ 2173508.851393843535334, 649327.5 ], [ 2173507.5, 649327.255535980337299 ], [ 2173502.5, 649325.671926972689107 ], [ 2173497.5, 649322.910043431213126 ], [ 2173496.792764897923917, 649322.5 ], [ 2173492.5, 649320.49719894840382 ], [ 2173487.5, 649318.074652385897934 ], [ 2173486.363352369051427, 649317.5 ], [ 2173482.5, 649315.919947673333809 ], [ 2173477.5, 649313.74706780933775 ], [ 2173474.666511198505759, 649312.5 ], [ 2173472.5, 649311.790749012492597 ], [ 2173467.5, 649310.288402859820053 ], [ 2173462.5, 649308.55672044842504 ], [ 2173459.839654084295034, 649307.5 ], [ 2173457.5, 649306.798598485067487 ], [ 2173452.5, 649305.569851690437645 ], [ 2173447.5, 649304.498700397089124 ], [ 2173442.5, 649302.859012342058122 ], [ 2173441.73804734274745, 649302.5 ], [ 2173437.5, 649300.845483298413455 ], [ 2173432.5, 649298.139098043902777 ], [ 2173431.454584375489503, 649297.5 ], [ 2173427.5, 649295.287838433054276 ], [ 2173423.48364525148645, 649292.5 ], [ 2173422.5, 649291.898612931836396 ], [ 2173417.5, 649289.466055421857163 ], [ 2173412.5, 649287.597080120816827 ], [ 2173411.9825210548006, 649287.5 ], [ 2173407.5, 649287.054843816207722 ], [ 2173402.5, 649286.497206150437705 ], [ 2173397.5, 649285.522918887552805 ], [ 2173392.5, 649284.098865677369758 ], [ 2173388.283553318120539, 649282.5 ], [ 2173387.5, 649282.270011988002807 ] ], [ [ 2173509.899092006962746, 649832.5 ], [ 2173512.5, 649834.490691435290501 ], [ 2173514.792018031235784, 649837.5 ], [ 2173516.862978534772992, 649842.5 ], [ 2173517.5, 649845.503879234776832 ], [ 2173518.092955907341093, 649847.5 ], [ 2173518.591415581293404, 649852.5 ], [ 2173517.73618823569268, 649857.5 ], [ 2173517.5, 649858.112438964424655 ], [ 2173515.548791337758303, 649862.5 ], [ 2173512.5, 649866.141135297832079 ], [ 2173507.5, 649867.43812021042686 ], [ 2173502.5, 649865.887356319348328 ], [ 2173499.117058511823416, 649862.5 ], [ 2173497.5, 649860.726133931195363 ], [ 2173495.309874414931983, 649857.5 ], [ 2173492.996907591354102, 649852.5 ], [ 2173492.5, 649850.8654906807933 ], [ 2173491.15674214111641, 649847.5 ], [ 2173490.639335049316287, 649842.5 ], [ 2173491.748274996876717, 649837.5 ], [ 2173492.5, 649836.162164672510698 ], [ 2173495.844965261407197, 649832.5 ], [ 2173497.5, 649831.416016151197255 ], [ 2173502.5, 649830.426581040723249 ], [ 2173507.5, 649831.182458502938971 ], [ 2173509.899092006962746, 649832.5 ] ], [ [ 2173446.136066151317209, 649812.5 ], [ 2173447.5, 649813.754692962742411 ], [ 2173449.686795388814062, 649817.5 ], [ 2173450.334616099018604, 649822.5 ], [ 2173448.867707145400345, 649827.5 ], [ 2173447.5, 649829.220635174424388 ], [ 2173442.617203881032765, 649832.5 ], [ 2173442.5, 649832.570993694360368 ], [ 2173437.5, 649833.55009340250399 ], [ 2173433.146492407657206, 649832.5 ], [ 2173432.5, 649832.334782250924036 ], [ 2173427.513800314627588, 649827.5 ], [ 2173427.5, 649827.450597150251269 ], [ 2173426.255549121648073, 649822.5 ], [ 2173427.239231871441007, 649817.5 ], [ 2173427.5, 649817.071045628166758 ], [ 2173431.026163589209318, 649812.5 ], [ 2173432.5, 649811.433301909710281 ], [ 2173437.5, 649809.975646840059198 ], [ 2173442.5, 649810.480040538473986 ], [ 2173446.136066151317209, 649812.5 ] ] ] } },
{ "type": "Feature", "properties": { "fid": 8, "time": "2024-01-01", "year": 2024 }, "geometry": { "type": "MultiLineString", "coordinates": [ [ [ 2173377.5, 649277.316706754034385 ], [ 2173372.5, 649276.688880365574732 ], [ 2173367.5, 649277.054300306015648 ], [ 2173362.5, 649277.45835146936588 ], [ 2173357.5, 649277.499886085512117 ], [ 2173352.5, 649277.292188177467324 ], [ 2173347.5, 649276.970413080882281 ], [ 2173342.5, 649276.713907009456307 ], [ 2173337.5, 649276.691333156777546 ], [ 2173332.5, 649277.027735356008634 ], [ 2173328.714545956347138, 649277.5 ], [ 2173327.5, 649277.731292712618597 ], [ 2173322.5, 649278.604185894015245 ], [ 2173317.5, 649279.078278055181727 ], [ 2173312.5, 649279.086259083123878 ], [ 2173307.5, 649279.015245759743266 ], [ 2173302.5, 649279.584742757258937 ], [ 2173297.5, 649280.93349997070618 ], [ 2173293.476799813564867, 649282.5 ], [ 2173292.5, 649282.969295896007679 ], [ 2173287.5, 649285.914224524865858 ], [ 2173285.279740350320935, 649287.5 ], [ 2173282.5, 649289.724290654296055 ], [ 2173279.133696621283889, 649292.5 ], [ 2173277.5, 649293.928242897265591 ], [ 2173273.585527035873383, 649297.5 ], [ 2173272.5, 649298.628634139779024 ], [ 2173269.180140648502856, 649302.5 ], [ 2173267.5, 649304.849805156118236 ], [ 2173265.951283336617053, 649307.5 ], [ 2173263.91088492795825, 649312.5 ], [ 2173262.5, 649316.175369500997476 ], [ 2173262.067537032999098, 649317.5 ], [ 2173260.212621806655079, 649322.5 ], [ 2173257.5, 649327.382435073144734 ], [ 2173257.435141823720187, 649327.5 ], [ 2173254.30373166128993, 649332.5 ], [ 2173252.5, 649335.04719740501605 ], [ 2173250.940406920854002, 649337.5 ], [ 2173247.5, 649342.481932527967729 ], [ 2173247.488083670381457, 649342.5 ], [ 2173244.658077902160585, 649347.5 ], [ 2173242.5, 649351.931258401134983 ], [ 2173242.273212489206344, 649352.5 ], [ 2173240.924337578937411, 649357.5 ], [ 2173239.928344377316535, 649362.5 ], [ 2173238.838020513765514, 649367.5 ], [ 2173237.522541956510395, 649372.5 ], [ 2173237.5, 649372.606212317245081 ], [ 2173236.688945949543267, 649377.5 ], [ 2173236.215704644564539, 649382.5 ], [ 2173236.046335505321622, 649387.5 ], [ 2173236.125030611641705, 649392.5 ], [ 2173236.327406635973603, 649397.5 ], [ 2173236.566119996830821, 649402.5 ], [ 2173236.86011851252988, 649407.5 ], [ 2173237.259912984445691, 649412.5 ], [ 2173237.5, 649414.500677723553963 ], [ 2173237.954829685389996, 649417.5 ], [ 2173238.90858306363225, 649422.5 ], [ 2173239.996727668680251, 649427.5 ], [ 2173241.164948282297701, 649432.5 ], [ 2173242.332880862057209, 649437.5 ], [ 2173242.5, 649438.264336008112878 ], [ 2173243.620646440424025, 649442.5 ], [ 2173244.550337203778327, 649447.5 ], [ 2173245.329217445570976, 649452.5 ], [ 2173246.384503318928182, 649457.5 ], [ 2173247.5, 649461.116820686496794 ], [ 2173248.050387499388307, 649462.5 ], [ 2173250.32527432590723, 649467.5 ], [ 2173252.34391519986093, 649472.5 ], [ 2173252.5, 649472.992661276599392 ], [ 2173254.178988784085959, 649477.5 ], [ 2173255.262714788783342, 649482.5 ], [ 2173255.697583965491503, 649487.5 ], [ 2173255.93767885165289, 649492.5 ], [ 2173256.844793492462486, 649497.5 ], [ 2173257.5, 649499.278358028503135 ], [ 2173258.823738395702094, 649502.5 ], [ 2173261.225064041092992, 649507.5 ], [ 2173262.5, 649510.000343259773217 ], [ 2173263.99601227696985, 649512.5 ], [ 2173266.592673523817211, 649517.5 ], [ 2173267.5, 649519.424857724108733 ], [ 2173269.162947927135974, 649522.5 ], [ 2173271.423190577886999, 649527.5 ], [ 2173272.5, 649530.365450795739889 ], [ 2173273.493371583987027, 649532.5 ], [ 2173274.949207716155797, 649537.5 ], [ 2173275.71367720561102, 649542.5 ], [ 2173276.247062029782683, 649547.5 ], [ 2173276.732525157742202, 649552.5 ], [ 2173277.197136633098125, 649557.5 ], [ 2173277.5, 649560.325505090644583 ], [ 2173277.801468227058649, 649562.5 ], [ 2173278.719013870693743, 649567.5 ], [ 2173279.836924477946013, 649572.5 ], [ 2173281.100947570055723, 649577.5 ], [ 2173282.342690080404282, 649582.5 ], [ 2173282.5, 649583.233186000492424 ], [ 2173283.685046645347029, 649587.5 ], [ 2173284.776545358356088, 649592.5 ], [ 2173285.788762666750699, 649597.5 ], [ 2173286.760083282366395, 649602.5 ], [ 2173287.5, 649607.086687687085941 ], [ 2173287.593106220476329, 649607.5 ], [ 2173288.401779803913087, 649612.5 ], [ 2173289.00871508102864, 649617.5 ], [ 2173289.655298838857561, 649622.5 ], [ 2173290.554941235110164, 649627.5 ], [ 2173291.579791526310146, 649632.5 ], [ 2173292.397750165779144, 649637.5 ], [ 2173292.5, 649638.416254244395532 ], [ 2173293.182290925178677, 649642.5 ], [ 2173293.70609979564324, 649647.5 ], [ 2173294.442284394986928, 649652.5 ], [ 2173295.979684268124402, 649657.5 ], [ 2173297.5, 649660.850187122705393 ], [ 2173298.715178637299687, 649662.5 ], [ 2173302.5, 649666.819125096779317 ], [ 2173303.196715956553817, 649667.5 ], [ 2173307.5, 649671.836539478972554 ], [ 2173308.055594699457288, 649672.5 ], [ 2173311.529996960889548, 649677.5 ], [ 2173312.5, 649679.340617595938966 ], [ 2173314.336111911572516, 649682.5 ], [ 2173316.382384574506432, 649687.5 ], [ 2173317.5, 649691.121396757545881 ], [ 2173318.008545639924705, 649692.5 ], [ 2173319.493564087431878, 649697.5 ], [ 2173320.667545364703983, 649702.5 ], [ 2173321.560584314633161, 649707.5 ], [ 2173322.407532274257392, 649712.5 ], [ 2173322.5, 649712.849557625711896 ], [ 2173324.102869122754782, 649717.5 ], [ 2173326.189628441818058, 649722.5 ], [ 2173327.5, 649725.543702270486392 ], [ 2173328.483371066860855, 649727.5 ], [ 2173330.683676462620497, 649732.5 ], [ 2173332.428135572466999, 649737.5 ], [ 2173332.5, 649737.714935213443823 ], [ 2173334.57477944996208, 649742.5 ], [ 2173336.577846233732998, 649747.5 ], [ 2173337.5, 649749.873982641729526 ], [ 2173338.688462465535849, 649752.5 ], [ 2173340.481283540371805, 649757.5 ], [ 2173341.723846399690956, 649762.5 ], [ 2173342.379492982290685, 649767.5 ], [ 2173342.5, 649768.963219824130647 ], [ 2173342.90995883801952, 649772.5 ], [ 2173344.091159870382398, 649777.5 ], [ 2173345.971407651901245, 649782.5 ], [ 2173347.5, 649786.28758949029725 ], [ 2173348.048703763168305, 649787.5 ], [ 2173349.790037290193141, 649792.5 ], [ 2173350.821837169118226, 649797.5 ], [ 2173351.595684494357556, 649802.5 ], [ 2173352.5, 649807.063310742145404 ], [ 2173352.61772733181715, 649807.5 ], [ 2173354.85735602164641, 649812.5 ], [ 2173357.5, 649816.418151328456588 ], [ 2173358.335085319820791, 649817.5 ], [ 2173361.676456501241773, 649822.5 ], [ 2173362.5, 649824.41332951374352 ], [ 2173363.983731008600444, 649827.5 ], [ 2173365.544576208572835, 649832.5 ], [ 2173366.798311100807041, 649837.5 ], [ 2173367.5, 649840.167245359043591 ], [ 2173368.302841748576611, 649842.5 ], [ 2173369.948342089075595, 649847.5 ], [ 2173371.412907967343926, 649852.5 ], [ 2173372.5, 649856.662790943868458 ], [ 2173372.785103526432067, 649857.5 ], [ 2173374.273611310869455, 649862.5 ], [ 2173375.504634697455913, 649867.5 ], [ 2173376.742938167881221, 649872.5 ], [ 2173377.5, 649874.786874832701869 ], [ 2173378.530038651544601, 649877.5 ], [ 2173380.500872915610671, 649882.5 ], [ 2173382.217516123782843, 649887.5 ], [ 2173382.5, 649888.394117150804959 ], [ 2173384.086720557883382, 649892.5 ], [ 2173385.550931488163769, 649897.5 ], [ 2173386.709046590607613, 649902.5 ], [ 2173387.5, 649906.075995042105205 ], [ 2173387.967333710286766, 649907.5 ], [ 2173389.569628321100026, 649912.5 ], [ 2173391.124402483925223, 649917.5 ], [ 2173392.5, 649921.289214442367665 ], [ 2173393.087283039465547, 649922.5 ], [ 2173396.130914002191275, 649927.5 ], [ 2173397.5, 649929.628233200637624 ], [ 2173399.414962826762348, 649932.5 ], [ 2173401.728469959460199, 649937.5 ], [ 2173402.5, 649939.939165601041168 ], [ 2173403.521058119833469, 649942.5 ], [ 2173404.950853282120079, 649947.5 ], [ 2173406.080298042390496, 649952.5 ], [ 2173407.22885727416724, 649957.5 ], [ 2173407.5, 649958.407241059350781 ], [ 2173409.286111704073846, 649962.5 ], [ 2173411.715247015934438, 649967.5 ], [ 2173412.5, 649968.908024440752342 ], [ 2173415.060340870171785, 649972.5 ], [ 2173417.5, 649976.017278844141401 ], [ 2173418.83589346986264, 649977.5 ], [ 2173422.5, 649982.023464456666261 ], [ 2173422.943561106920242, 649982.5 ], [ 2173427.302046759985387, 649987.5 ], [ 2173427.5, 649987.726061134948395 ], [ 2173432.363896069582552, 649992.5 ], [ 2173432.5, 649992.620214009191841 ], [ 2173437.5, 649996.300757785094902 ], [ 2173439.158515352290124, 649997.5 ], [ 2173442.5, 649999.351659010630101 ], [ 2173447.5, 650002.473008509492502 ], [ 2173447.54084056802094, 650002.5 ], [ 2173452.5, 650004.725554543081671 ], [ 2173457.5, 650007.176418514107354 ], [ 2173458.113364664372057, 650007.5 ], [ 2173462.5, 650009.42309915588703 ], [ 2173466.700637788977474, 650012.5 ], [ 2173467.5, 650013.121069465298206 ], [ 2173471.775911088567227, 650017.5 ], [ 2173472.5, 650018.301486002397723 ], [ 2173476.286783159244806, 650022.5 ], [ 2173477.5, 650023.64875633479096 ], [ 2173482.5, 650027.366775607108139 ], [ 2173482.719768991228193, 650027.5 ], [ 2173487.5, 650029.591073200688697 ], [ 2173492.5, 650031.702764030313119 ], [ 2173494.227787592448294, 650032.5 ], [ 2173497.5, 650033.595850286656059 ], [ 2173502.5, 650035.494135105633177 ], [ 2173506.693992254789919, 650037.5 ], [ 2173507.5, 650037.811087751062587 ], [ 2173512.5, 650040.058764297747985 ], [ 2173516.232311388012022, 650042.5 ], [ 2173517.5, 650043.212816781480797 ], [ 2173522.5, 650046.713378545013256 ], [ 2173523.43377579934895, 650047.5 ], [ 2173527.5, 650050.992278588702902 ], [ 2173528.98946399288252, 650052.5 ], [ 2173532.5, 650056.95165582257323 ], [ 2173532.976839444134384, 650057.5 ], [ 2173536.496255103498697, 650062.5 ], [ 2173537.5, 650064.48238492780365 ], [ 2173539.580895423423499, 650067.5 ], [ 2173541.710238252300769, 650072.5 ], [ 2173542.5, 650075.046229745261371 ], [ 2173543.452411354985088, 650077.5 ], [ 2173545.181706611532718, 650082.5 ], [ 2173546.803620897699147, 650087.5 ], [ 2173547.5, 650089.404632780118845 ], [ 2173549.150693486444652, 650092.5 ], [ 2173551.379560708068311, 650097.5 ], [ 2173552.5, 650100.026062141754664 ], [ 2173554.020202888175845, 650102.5 ], [ 2173557.410915867425501, 650107.5 ], [ 2173557.5, 650107.605556883499958 ], [ 2173562.5, 650111.949166592909023 ], [ 2173563.206780948210508, 650112.5 ], [ 2173567.5, 650115.131229679449461 ], [ 2173572.256677867844701, 650117.5 ], [ 2173572.5, 650117.590794929652475 ], [ 2173577.5, 650118.437918132753111 ], [ 2173582.5, 650118.430731796077453 ], [ 2173587.5, 650117.502342598396353 ], [ 2173587.507096885237843, 650117.5 ], [ 2173592.5, 650115.327643377589993 ], [ 2173597.5, 650113.13769248360768 ], [ 2173598.847136796917766, 650112.5 ], [ 2173602.5, 650110.174538711784407 ], [ 2173606.665220950264484, 650107.5 ], [ 2173607.5, 650106.771644271793775 ], [ 2173611.669617297593504, 650102.5 ], [ 2173612.5, 650101.337238552980125 ], [ 2173614.31262197252363, 650097.5 ], [ 2173615.99716177303344, 650092.5 ], [ 2173617.009599887765944, 650087.5 ], [ 2173617.006801402661949, 650082.5 ], [ 2173615.860324216075242, 650077.5 ], [ 2173613.811287085525692, 650072.5 ], [ 2173612.5, 650070.21468962461222 ], [ 2173610.468549059238285, 650067.5 ], [ 2173607.5, 650064.195809575496241 ], [ 2173605.684402161277831, 650062.5 ], [ 2173602.5, 650059.680482621421106 ], [ 2173599.82199848163873, 650057.5 ], [ 2173597.5, 650055.17570614151191 ], [ 2173594.622135721612722, 650052.5 ], [ 2173592.5, 650049.42638460372109 ], [ 2173590.712653991300613, 650047.5 ], [ 2173588.337210368365049, 650042.5 ], [ 2173587.5, 650037.788033001008444 ], [ 2173587.436642779968679, 650037.5 ], [ 2173586.774177101440728, 650032.5 ], [ 2173586.213837111834437, 650027.5 ], [ 2173585.348844287917018, 650022.5 ], [ 2173584.057807623874396, 650017.5 ], [ 2173582.5, 650013.003431418328546 ], [ 2173582.12477821810171, 650012.5 ], [ 2173578.185256859753281, 650007.5 ], [ 2173577.5, 650006.239325973787345 ], [ 2173575.382008580025285, 650002.5 ], [ 2173574.297034681309015, 649997.5 ], [ 2173573.881147297564894, 649992.5 ], [ 2173573.435904886107892, 649987.5 ], [ 2173572.572259629610926, 649982.5 ], [ 2173572.5, 649982.232140258536674 ], [ 2173570.531365471426398, 649977.5 ], [ 2173568.919037035200745, 649972.5 ], [ 2173567.693588398396969, 649967.5 ], [ 2173567.5, 649966.679092358448543 ], [ 2173566.015916934236884, 649962.5 ], [ 2173564.468027104157954, 649957.5 ], [ 2173563.113179181236774, 649952.5 ], [ 2173562.5, 649950.049419388524257 ], [ 2173560.75278484262526, 649947.5 ], [ 2173558.615873714908957, 649942.5 ], [ 2173557.5, 649937.946139606181532 ], [ 2173557.18317703017965, 649937.5 ], [ 2173552.570945310406387, 649932.5 ], [ 2173552.5, 649932.454124213545583 ], [ 2173552.402059466112405, 649932.5 ], [ 2173547.5, 649936.144675897317939 ], [ 2173545.552481358405203, 649937.5 ], [ 2173542.5, 649941.466465657693334 ], [ 2173541.634888008236885, 649942.5 ], [ 2173537.5, 649946.129755400354043 ], [ 2173536.876794876996428, 649947.5 ], [ 2173532.5, 649951.9394307769835 ], [ 2173532.056669873651117, 649952.5 ], [ 2173527.5, 649956.117249232716858 ], [ 2173525.454090212006122, 649957.5 ], [ 2173522.5, 649959.5334595447639 ], [ 2173518.532477740664035, 649962.5 ], [ 2173517.5, 649963.498444831348024 ], [ 2173512.5, 649967.255153680685908 ], [ 2173511.94046418229118, 649967.5 ], [ 2173507.5, 649969.126256883842871 ], [ 2173502.5, 649969.974983557360247 ], [ 2173497.5, 649970.543322304729372 ], [ 2173492.5, 649971.158731225761585 ], [ 2173487.5, 649971.432706933817826 ], [ 2173482.5, 649970.558427043491974 ], [ 2173477.5, 649967.995887758443132 ], [ 2173476.833842585794628, 649967.5 ], [ 2173472.5, 649963.880900926655158 ], [ 2173471.31691984180361, 649962.5 ], [ 2173467.766211726237088, 649957.5 ], [ 2173467.5, 649957.116213041939773 ], [ 2173463.951657854486257, 649952.5 ], [ 2173462.5, 649950.900727083557285 ], [ 2173458.359182563610375, 649947.5 ], [ 2173457.5, 649946.913363256840967 ], [ 2173452.5, 649943.962675361195579 ], [ 2173450.399744547903538, 649942.5 ], [ 2173447.5, 649940.348921204335056 ], [ 2173444.557256938889623, 649937.5 ], [ 2173442.5, 649935.004470277228393 ], [ 2173440.591774513944983, 649932.5 ], [ 2173437.600130702834576, 649927.5 ], [ 2173437.5, 649927.318446000805125 ], [ 2173434.917090206407011, 649922.5 ], [ 2173433.063582871109247, 649917.5 ], [ 2173432.5, 649915.010712226736359 ], [ 2173431.861158476211131, 649912.5 ], [ 2173431.620111464522779, 649907.5 ], [ 2173432.5, 649904.332144797430374 ], [ 2173433.365473074372858, 649902.5 ], [ 2173437.5, 649899.517489036894403 ], [ 2173442.5, 649899.348537531332113 ], [ 2173447.5, 649900.830997419427149 ], [ 2173450.18460786389187, 649902.5 ], [ 2173452.5, 649903.923039652290754 ], [ 2173456.827203957829624, 649907.5 ], [ 2173457.5, 649908.046566745382734 ], [ 2173462.5, 649911.744205675204284 ], [ 2173464.859604690689594, 649912.5 ], [ 2173467.5, 649913.321549837593921 ], [ 2173469.134838197380304, 649912.5 ], [ 2173472.5, 649908.554473378346302 ], [ 2173472.806133963633329, 649907.5 ], [ 2173474.433511474635452, 649902.5 ], [ 2173477.5, 649897.960288993315771 ], [ 2173477.933350875973701, 649897.5 ], [ 2173482.5, 649894.157817242317833 ], [ 2173487.5, 649893.081439298810437 ], [ 2173492.5, 649893.285575765068643 ], [ 2173497.5, 649894.329904495738447 ], [ 2173502.5, 649894.954369710991159 ], [ 2173505.793557312339544, 649892.5 ], [ 2173507.5, 649888.333112452179193 ], [ 2173507.678792441729456, 649887.5 ], [ 2173507.739078932441771, 649882.5 ], [ 2173507.5, 649880.210473811603151 ], [ 2173506.94241378037259, 649877.5 ], [ 2173503.58082236815244, 649872.5 ], [ 2173502.5, 649871.918677467270754 ], [ 2173497.5, 649868.613806497305632 ], [ 2173496.398182619828731, 649867.5 ], [ 2173492.5, 649864.40793885407038 ], [ 2173491.034410419408232, 649862.5 ], [ 2173487.909873798023909, 649857.5 ], [ 2173487.5, 649856.604735016357154 ], [ 2173484.662402852904052, 649852.5 ], [ 2173482.5, 649848.142862067557871 ], [ 2173477.5, 649851.610508755897172 ], [ 2173476.925308325793594, 649852.5 ], [ 2173472.5, 649857.029291076003574 ], [ 2173471.774080680217594, 649857.5 ], [ 2173467.5, 649859.855489409645088 ], [ 2173462.5, 649860.218319287756458 ], [ 2173457.5, 649857.858047660789452 ], [ 2173457.132160963024944, 649857.5 ], [ 2173453.994902675040066, 649852.5 ], [ 2173452.974232363514602, 649847.5 ], [ 2173452.858486502431333, 649842.5 ], [ 2173453.275210875552148, 649837.5 ], [ 2173454.319460812490433, 649832.5 ], [ 2173457.422798382118344, 649827.5 ], [ 2173457.5, 649827.428895457996987 ], [ 2173461.884064041543752, 649822.5 ], [ 2173462.5, 649821.969170373282395 ], [ 2173467.5, 649820.385224231053144 ], [ 2173472.5, 649821.972468520863913 ], [ 2173473.274729625787586, 649822.5 ], [ 2173477.5, 649826.018143074703403 ], [ 2173478.987007396295667, 649827.5 ], [ 2173482.5, 649832.202463763067499 ], [ 2173487.5, 649831.875807596603408 ], [ 2173492.5, 649829.273244682233781 ], [ 2173497.5, 649828.758492627064697 ], [ 2173502.5, 649830.00524157343898 ], [ 2173507.427963395603001, 649832.5 ], [ 2173507.5, 649832.538825061172247 ], [ 2173512.5, 649834.687012239359319 ], [ 2173517.5, 649832.932939801714383 ], [ 2173517.708877640776336, 649832.5 ], [ 2173517.5, 649832.064345146762207 ], [ 2173515.335043848026544, 649827.5 ], [ 2173513.948088615667075, 649822.5 ], [ 2173513.703785324003547, 649817.5 ], [ 2173515.34331820346415, 649812.5 ], [ 2173517.5, 649810.060060109943151 ], [ 2173520.974079641979188, 649807.5 ], [ 2173522.5, 649806.561990726040676 ], [ 2173527.5, 649804.602895108866505 ], [ 2173532.5, 649803.605620598071255 ], [ 2173537.5, 649803.13566882617306 ], [ 2173541.635009283199906, 649802.5 ], [ 2173542.5, 649802.24612963560503 ], [ 2173547.429544986225665, 649797.5 ], [ 2173547.5, 649797.382261302089319 ], [ 2173549.079404654912651, 649792.5 ], [ 2173550.45479869749397, 649787.5 ], [ 2173551.821980530396104, 649782.5 ], [ 2173552.5, 649780.082740317680873 ], [ 2173552.966533153317869, 649777.5 ], [ 2173553.953611625358462, 649772.5 ], [ 2173555.044698932673782, 649767.5 ], [ 2173556.115977378562093, 649762.5 ], [ 2173557.156760604120791, 649757.5 ], [ 2173557.5, 649755.901275982614607 ], [ 2173558.019279640167952, 649752.5 ], [ 2173558.758182811550796, 649747.5 ], [ 2173559.211148927453905, 649742.5 ], [ 2173559.147712748032063, 649737.5 ], [ 2173558.564105650410056, 649732.5 ], [ 2173557.563051697798073, 649727.5 ], [ 2173557.5, 649727.265313423704356 ], [ 2173555.33944273320958, 649722.5 ], [ 2173553.524631791282445, 649717.5 ], [ 2173552.874916402157396, 649712.5 ], [ 2173553.273748965002596, 649707.5 ], [ 2173553.784526425413787, 649702.5 ], [ 2173553.6614047777839, 649697.5 ], [ 2173552.79618066130206, 649692.5 ], [ 2173552.5, 649691.65578722616192 ], [ 2173549.605006930883974, 649687.5 ], [ 2173547.5, 649685.811735823634081 ], [ 2173542.5, 649683.919663344975561 ], [ 2173537.5, 649683.476551894331351 ], [ 2173536.036081013269722, 649687.5 ], [ 2173536.225766554009169, 649692.5 ], [ 2173536.183426395058632, 649697.5 ], [ 2173535.413040888495743, 649702.5 ], [ 2173535.328801983501762, 649707.5 ], [ 2173536.960942175704986, 649712.5 ], [ 2173537.5, 649714.200614313827828 ], [ 2173538.502397597301751, 649717.5 ], [ 2173538.695600450970232, 649722.5 ], [ 2173537.5, 649725.598477984545752 ], [ 2173536.178493908140808, 649727.5 ], [ 2173532.5, 649729.788223861716688 ], [ 2173527.5, 649730.807433310663328 ], [ 2173522.5, 649731.810461114742793 ], [ 2173519.918203810229897, 649732.5 ], [ 2173517.5, 649733.233842487097718 ], [ 2173512.5, 649735.143841242068447 ], [ 2173507.5, 649736.967823059880175 ], [ 2173506.108467585407197, 649737.5 ], [ 2173502.5, 649741.488981147529557 ], [ 2173501.720648170914501, 649742.5 ], [ 2173500.439971630927175, 649747.5 ], [ 2173498.757719375193119, 649752.5 ], [ 2173497.5, 649754.118252257118002 ], [ 2173492.5, 649753.509353405563161 ], [ 2173491.841181243304163, 649752.5 ], [ 2173488.755860796198249, 649747.5 ], [ 2173487.5, 649745.286221810849383 ], [ 2173486.523383966647089, 649742.5 ], [ 2173484.941038091201335, 649737.5 ], [ 2173483.111125076189637, 649732.5 ], [ 2173482.5, 649731.200458089122549 ], [ 2173477.63827676512301, 649727.5 ], [ 2173477.5, 649727.459177579265088 ], [ 2173472.5, 649726.711966324597597 ], [ 2173467.5, 649726.127094158087857 ], [ 2173462.5, 649725.65950325911399 ], [ 2173457.5, 649725.071702544693835 ], [ 2173452.5, 649723.617055188049562 ], [ 2173450.589447428938001, 649722.5 ], [ 2173447.5, 649719.330166373285465 ], [ 2173446.391690145246685, 649717.5 ], [ 2173445.161630603019148, 649712.5 ], [ 2173444.821599120274186, 649707.5 ], [ 2173444.296523737255484, 649702.5 ], [ 2173443.011889243498445, 649697.5 ], [ 2173442.5, 649696.430122028454207 ], [ 2173440.272433054633439, 649692.5 ], [ 2173437.5, 649688.964383201906458 ], [ 2173436.21202269429341, 649687.5 ], [ 2173432.5, 649683.229908177978359 ], [ 2173431.882024283986539, 649682.5 ], [ 2173428.211118210572749, 649677.5 ], [ 2173427.5, 649676.464491269201972 ], [ 2173424.77959196921438, 649672.5 ], [ 2173422.5, 649669.163290972006507 ], [ 2173421.286458128131926, 649667.5 ], [ 2173417.715608198195696, 649662.5 ], [ 2173417.5, 649662.181077045970596 ], [ 2173414.148729366250336, 649657.5 ], [ 2173412.5, 649654.958395854569972 ], [ 2173410.418641570024192, 649652.5 ], [ 2173407.5, 649649.266536398092285 ], [ 2173405.062986672855914, 649647.5 ], [ 2173402.5, 649645.452531075105071 ], [ 2173398.588068041019142, 649642.5 ], [ 2173397.5, 649641.290043221320957 ], [ 2173394.749435919336975, 649637.5 ], [ 2173392.5, 649633.481395301758312 ], [ 2173391.937657333910465, 649632.5 ], [ 2173388.077048124279827, 649627.5 ], [ 2173387.5, 649626.93619514699094 ], [ 2173382.828258039429784, 649622.5 ], [ 2173382.5, 649622.157924678409472 ], [ 2173379.258951009251177, 649617.5 ], [ 2173377.768870847765356, 649612.5 ], [ 2173377.5, 649609.782921626465395 ], [ 2173377.256962498184294, 649607.5 ], [ 2173376.81346868770197, 649602.5 ], [ 2173375.81670279847458, 649597.5 ], [ 2173373.703473684377968, 649592.5 ], [ 2173372.5, 649590.59487616433762 ], [ 2173370.226792014203966, 649587.5 ], [ 2173367.5, 649583.224479021271691 ], [ 2173366.987676310818642, 649582.5 ], [ 2173364.501852927729487, 649577.5 ], [ 2173363.281328928191215, 649572.5 ], [ 2173362.588496842421591, 649567.5 ], [ 2173362.5, 649567.09696480142884 ], [ 2173361.144174272194505, 649562.5 ], [ 2173358.782968854997307, 649557.5 ], [ 2173357.5, 649555.479116706410423 ], [ 2173355.125696376897395, 649552.5 ], [ 2173352.5, 649549.214267757488415 ], [ 2173351.145565846469253, 649547.5 ], [ 2173348.76133889798075, 649542.5 ], [ 2173347.901974189095199, 649537.5 ], [ 2173347.634357956238091, 649532.5 ], [ 2173347.5, 649530.856311571900733 ], [ 2173347.19443817390129, 649527.5 ], [ 2173345.730235486291349, 649522.5 ], [ 2173343.042555361054838, 649517.5 ], [ 2173342.5, 649516.79171910462901 ], [ 2173339.15600963961333, 649512.5 ], [ 2173337.5, 649510.616337794112042 ], [ 2173334.783913869410753, 649507.5 ], [ 2173332.5, 649504.919441393343732 ], [ 2173330.423632021062076, 649502.5 ], [ 2173327.5, 649498.618506857310422 ], [ 2173326.708626317325979, 649497.5 ], [ 2173324.233410676475614, 649492.5 ], [ 2173322.864071228541434, 649487.5 ], [ 2173322.5, 649484.73165263235569 ], [ 2173322.203712975606322, 649482.5 ], [ 2173321.862332930788398, 649477.5 ], [ 2173321.157020654994994, 649472.5 ], [ 2173319.643455882556736, 649467.5 ], [ 2173317.5, 649462.565426610526629 ], [ 2173317.469313120469451, 649462.5 ], [ 2173315.551245123613626, 649457.5 ], [ 2173314.853495452087373, 649452.5 ], [ 2173315.097709184512496, 649447.5 ], [ 2173315.429586752317846, 649442.5 ], [ 2173316.064363817218691, 649437.5 ], [ 2173317.5, 649434.827255881624296 ], [ 2173319.01279324432835, 649432.5 ], [ 2173322.5, 649429.929872597684152 ], [ 2173327.5, 649428.745576712535694 ], [ 2173332.5, 649429.452205209527165 ], [ 2173337.5, 649431.198552084038965 ], [ 2173340.056185433175415, 649432.5 ], [ 2173342.5, 649433.648344377637841 ], [ 2173347.5, 649436.805273108649999 ], [ 2173348.399241039529443, 649437.5 ], [ 2173352.5, 649440.048205407219939 ], [ 2173356.356935178861022, 649442.5 ], [ 2173357.5, 649443.056817550910637 ], [ 2173362.5, 649445.377973275142722 ], [ 2173367.136293133255094, 649447.5 ], [ 2173367.5, 649447.647262252401561 ], [ 2173372.5, 649449.165570273646154 ], [ 2173377.5, 649450.414264371618629 ], [ 2173382.5, 649451.90009936876595 ], [ 2173383.629361892584711, 649452.5 ], [ 2173387.5, 649454.604678707080893 ], [ 2173390.445355225354433, 649457.5 ], [ 2173392.5, 649460.108470354578458 ], [ 2173394.347747693303972, 649462.5 ], [ 2173397.5, 649467.426978463423438 ], [ 2173397.575162286870182, 649467.5 ], [ 2173402.5, 649471.494680939475074 ], [ 2173404.201245078351349, 649472.5 ], [ 2173407.5, 649474.199047587113455 ], [ 2173412.342609947547317, 649477.5 ], [ 2173412.5, 649477.614163730177097 ], [ 2173417.5, 649482.371844824985601 ], [ 2173417.613555018790066, 649482.5 ], [ 2173421.581363439559937, 649487.5 ], [ 2173422.5, 649488.730490313842893 ], [ 2173425.695960959885269, 649492.5 ], [ 2173427.5, 649494.849778065225109 ], [ 2173429.618098923936486, 649497.5 ], [ 2173432.444563013501465, 649502.5 ], [ 2173432.5, 649502.608584902947769 ], [ 2173435.034875101875514, 649507.5 ], [ 2173437.343222350347787, 649512.5 ], [ 2173437.5, 649512.823854487971403 ], [ 2173440.018276837188751, 649517.5 ], [ 2173442.407325328793377, 649522.5 ], [ 2173442.5, 649522.698895175708458 ], [ 2173445.322145727463067, 649527.5 ], [ 2173447.5, 649531.288822846021503 ], [ 2173448.523161164950579, 649532.5 ], [ 2173451.197632651310414, 649537.5 ], [ 2173451.798949142452329, 649542.5 ], [ 2173451.291310026776046, 649547.5 ], [ 2173450.910419581457973, 649552.5 ], [ 2173451.646321859676391, 649557.5 ], [ 2173452.5, 649559.985974751412868 ], [ 2173453.628827327396721, 649562.5 ], [ 2173455.903141795657575, 649567.5 ], [ 2173457.5, 649571.887837852002122 ], [ 2173457.845555094070733, 649572.5 ], [ 2173460.108250875025988, 649577.5 ], [ 2173461.769767034333199, 649582.5 ], [ 2173462.5, 649584.783235545037314 ], [ 2173464.064657860901207, 649587.5 ], [ 2173466.039999538101256, 649592.5 ], [ 2173467.5, 649596.729964579106309 ], [ 2173467.971127849072218, 649597.5 ], [ 2173471.031073107384145, 649602.5 ], [ 2173472.5, 649605.103123970562592 ], [ 2173474.120966393500566, 649607.5 ], [ 2173477.130269287154078, 649612.5 ], [ 2173477.5, 649613.253581781638786 ], [ 2173480.221576801966876, 649617.5 ], [ 2173482.323926142882556, 649622.5 ], [ 2173482.5, 649623.506608118535951 ], [ 2173483.682146382052451, 649627.5 ], [ 2173483.632555365096778, 649632.5 ], [ 2173483.503265415783972, 649637.5 ], [ 2173484.108571006916463, 649642.5 ], [ 2173485.005991281941533, 649647.5 ], [ 2173485.977263960056007, 649652.5 ], [ 2173487.000242054928094, 649657.5 ], [ 2173487.5, 649659.602076071547344 ], [ 2173489.830685237422585, 649662.5 ], [ 2173492.5, 649664.528791686636396 ], [ 2173497.5, 649662.529044689028524 ], [ 2173497.531992905773222, 649662.5 ], [ 2173499.683219006285071, 649657.5 ], [ 2173500.70088423229754, 649652.5 ], [ 2173502.5, 649648.016642751754262 ], [ 2173502.691998519934714, 649647.5 ], [ 2173506.327677519991994, 649642.5 ], [ 2173507.5, 649641.058571252971888 ], [ 2173509.55649073747918, 649637.5 ], [ 2173508.216124485246837, 649632.5 ], [ 2173507.5, 649630.900054677273147 ], [ 2173506.030223577748984, 649627.5 ], [ 2173504.800432042684406, 649622.5 ], [ 2173504.191754272207618, 649617.5 ], [ 2173503.775446329731494, 649612.5 ], [ 2173503.535784724168479, 649607.5 ], [ 2173503.770312854088843, 649602.5 ], [ 2173504.687969748862088, 649597.5 ], [ 2173506.076097495853901, 649592.5 ], [ 2173507.162061046343297, 649587.5 ], [ 2173504.828888463787735, 649582.5 ], [ 2173502.5, 649580.701565300812945 ], [ 2173497.5, 649580.259339875658043 ], [ 2173492.5, 649582.418764864676632 ], [ 2173492.408427586778998, 649582.5 ], [ 2173488.396026647184044, 649587.5 ], [ 2173487.5, 649588.684296511346474 ], [ 2173482.5, 649591.259442215086892 ], [ 2173478.577276860829443, 649587.5 ], [ 2173479.434485351201147, 649582.5 ], [ 2173482.5, 649578.403724014293402 ], [ 2173483.430980306584388, 649577.5 ], [ 2173484.878911989741027, 649572.5 ], [ 2173483.852493535727262, 649567.5 ], [ 2173484.085859226994216, 649562.5 ], [ 2173487.5, 649560.572979210293852 ], [ 2173491.954013782553375, 649562.5 ], [ 2173492.5, 649562.66640861844644 ], [ 2173497.5, 649563.421288790181279 ], [ 2173499.898541036061943, 649562.5 ], [ 2173502.5, 649560.564431454287842 ], [ 2173503.348739663138986, 649557.5 ], [ 2173502.5, 649553.157669267733581 ], [ 2173502.21796260913834, 649552.5 ], [ 2173497.5, 649548.410318338312209 ], [ 2173495.234708590433002, 649547.5 ], [ 2173494.193266966380179, 649542.5 ], [ 2173497.5, 649539.314653953188099 ], [ 2173498.762199600692838, 649537.5 ], [ 2173502.5, 649533.245294177671894 ], [ 2173502.799122123047709, 649532.5 ], [ 2173505.116936174686998, 649527.5 ], [ 2173507.5, 649523.800324311247095 ], [ 2173508.280968547333032, 649522.5 ], [ 2173512.5, 649517.795298800454475 ], [ 2173512.976283240132034, 649517.5 ], [ 2173517.5, 649513.818598482990637 ], [ 2173522.5, 649512.859173933160491 ], [ 2173527.5, 649513.186032725730911 ], [ 2173528.737654853146523, 649512.5 ], [ 2173532.5, 649509.052077406435274 ], [ 2173532.856632674578577, 649507.5 ], [ 2173533.687443025875837, 649502.5 ], [ 2173534.184889154974371, 649497.5 ], [ 2173534.256524526048452, 649492.5 ], [ 2173533.998777432832867, 649487.5 ], [ 2173533.555686355102807, 649482.5 ], [ 2173533.163674568291754, 649477.5 ], [ 2173533.29011214710772, 649472.5 ], [ 2173534.189133416395634, 649467.5 ], [ 2173535.43879158841446, 649462.5 ], [ 2173536.534062993712723, 649457.5 ], [ 2173537.5, 649453.62957579724025 ], [ 2173537.749537287279963, 649452.5 ], [ 2173539.433791300281882, 649447.5 ], [ 2173542.455246308352798, 649442.5 ], [ 2173542.5, 649442.444241114892066 ], [ 2173544.693618052639067, 649437.5 ], [ 2173546.362908936105669, 649432.5 ], [ 2173546.969463366083801, 649427.5 ], [ 2173546.267761798109859, 649422.5 ], [ 2173544.563643706496805, 649417.5 ], [ 2173542.5, 649412.609555748524144 ], [ 2173542.434901183471084, 649412.5 ], [ 2173539.634144933428615, 649407.5 ], [ 2173537.704310948494822, 649402.5 ], [ 2173537.5, 649401.833256614860147 ], [ 2173535.50145061686635, 649397.5 ], [ 2173533.811451969202608, 649392.5 ], [ 2173532.5, 649387.535903354873881 ], [ 2173532.485453654080629, 649387.5 ], [ 2173530.832159525249153, 649382.5 ], [ 2173529.770662611816078, 649377.5 ], [ 2173529.715949417557567, 649372.5 ], [ 2173530.081898674368858, 649367.5 ], [ 2173530.090138216968626, 649362.5 ], [ 2173529.695329394191504, 649357.5 ], [ 2173529.085125752259046, 649352.5 ], [ 2173528.174712377600372, 649347.5 ], [ 2173527.5, 649345.189785858965479 ], [ 2173526.331302364822477, 649342.5 ], [ 2173523.662892568390816, 649337.5 ], [ 2173522.5, 649335.754016240942292 ], [ 2173519.718125916086137, 649332.5 ], [ 2173517.5, 649330.374380761059001 ], [ 2173513.274856247007847, 649327.5 ], [ 2173512.5, 649327.124449252267368 ], [ 2173507.5, 649325.734631407307461 ], [ 2173502.5, 649324.471633688895963 ], [ 2173497.5, 649322.644954168703407 ], [ 2173497.192613848485053, 649322.5 ], [ 2173492.5, 649320.68763532245066 ], [ 2173487.5, 649318.028640865697525 ], [ 2173486.554797308985144, 649317.5 ], [ 2173482.5, 649315.631250001024455 ], [ 2173477.5, 649313.39197174878791 ], [ 2173475.574814849067479, 649312.5 ], [ 2173472.5, 649311.348027019179426 ], [ 2173467.5, 649309.450129956472665 ], [ 2173462.829295709263533, 649307.5 ], [ 2173462.5, 649307.391351578873582 ], [ 2173457.5, 649305.864425442297943 ], [ 2173452.5, 649304.528989319573157 ], [ 2173447.5, 649303.252394598326646 ], [ 2173445.345233841333538, 649302.5 ], [ 2173442.5, 649301.746550828684121 ], [ 2173437.5, 649299.740101069677621 ], [ 2173433.55099178943783, 649297.5 ], [ 2173432.5, 649296.974084430607036 ], [ 2173427.5, 649294.095241457456723 ], [ 2173425.293812314048409, 649292.5 ], [ 2173422.5, 649290.52239891292993 ], [ 2173418.802225254010409, 649287.5 ], [ 2173417.5, 649286.606065317755565 ], [ 2173412.5, 649284.345663436921313 ], [ 2173407.5, 649283.497122495202348 ], [ 2173402.5, 649283.246087032719515 ], [ 2173397.5, 649282.8365860178601 ], [ 2173395.673571523278952, 649282.5 ], [ 2173392.5, 649282.107495839358307 ], [ 2173387.5, 649280.968447685241699 ], [ 2173382.5, 649279.255343935452402 ], [ 2173378.046441605314612, 649277.5 ], [ 2173377.5, 649277.316706754034385 ] ], [ [ 2173542.5, 649851.699452777043916 ], [ 2173542.03686453634873, 649852.5 ], [ 2173538.501275540795177, 649857.5 ], [ 2173537.5, 649858.616347802337259 ], [ 2173535.256030139513314, 649862.5 ], [ 2173536.173068167176098, 649867.5 ], [ 2173537.5, 649867.821337764966302 ], [ 2173541.07627753354609, 649867.5 ], [ 2173542.5, 649867.24481025361456 ], [ 2173546.307249914389104, 649862.5 ], [ 2173544.992055241484195, 649857.5 ], [ 2173542.770662765484303, 649852.5 ], [ 2173542.5, 649851.699452777043916 ] ], [ [ 2173443.532976609189063, 649812.5 ], [ 2173446.335695543326437, 649817.5 ], [ 2173447.146139905788004, 649822.5 ], [ 2173446.41421432280913, 649827.5 ], [ 2173442.5, 649831.954201479791664 ], [ 2173441.773999802302569, 649832.5 ], [ 2173437.5, 649834.988279656856321 ], [ 2173432.5, 649835.332778926705942 ], [ 2173427.5, 649833.091805942589417 ], [ 2173426.745343394577503, 649832.5 ], [ 2173422.5, 649828.473043134436011 ], [ 2173421.72468144679442, 649827.5 ], [ 2173419.570976301562041, 649822.5 ], [ 2173419.287233155686408, 649817.5 ], [ 2173421.807358763180673, 649812.5 ], [ 2173422.5, 649811.907886649016291 ], [ 2173427.5, 649809.193239704356529 ], [ 2173432.5, 649808.240435282234102 ], [ 2173437.5, 649808.760162606486119 ], [ 2173442.5, 649811.529182875994593 ], [ 2173443.532976609189063, 649812.5 ] ], [ [ 2173507.288947909604758, 649767.5 ], [ 2173507.5, 649767.584897683234885 ], [ 2173511.815665643196553, 649772.5 ], [ 2173512.5, 649773.838430971256457 ], [ 2173514.185188292525709, 649777.5 ], [ 2173515.158314982429147, 649782.5 ], [ 2173514.64590277383104, 649787.5 ], [ 2173512.5, 649791.74198010773398 ], [ 2173512.092175106517971, 649792.5 ], [ 2173507.5, 649797.197535792947747 ], [ 2173506.978012747131288, 649797.5 ], [ 2173502.5, 649800.056485200882889 ], [ 2173497.5, 649801.26603378856089 ], [ 2173492.5, 649800.577444994240068 ], [ 2173487.810146239586174, 649797.5 ], [ 2173487.5, 649797.261110008694232 ], [ 2173482.592839906923473, 649792.5 ], [ 2173482.5, 649792.362382266088389 ], [ 2173478.637584066484123, 649787.5 ], [ 2173477.5, 649784.165044858120382 ], [ 2173476.931240923702717, 649782.5 ], [ 2173476.547282999847084, 649777.5 ], [ 2173477.5, 649773.500746728503145 ], [ 2173477.790504347532988, 649772.5 ], [ 2173482.333547941409051, 649767.5 ], [ 2173482.5, 649767.354201214970089 ], [ 2173487.5, 649765.091474823770113 ], [ 2173492.5, 649764.40916412032675 ], [ 2173497.5, 649764.228607955272309 ], [ 2173502.5, 649764.70238804910332 ], [ 2173507.288947909604758, 649767.5 ] ], [ [ 2173537.5, 649632.145362995914184 ], [ 2173537.298782146535814, 649632.5 ], [ 2173532.5, 649636.594981544883922 ], [ 2173531.209834745153785, 649637.5 ], [ 2173527.5, 649640.138459491077811 ], [ 2173523.761430237442255, 649642.5 ], [ 2173523.872143343556672, 649647.5 ], [ 2173526.674421086907387, 649652.5 ], [ 2173527.5, 649653.996741493116133 ], [ 2173532.5, 649655.415207643178292 ], [ 2173537.5, 649653.854371435358189 ], [ 2173540.453886639792472, 649652.5 ], [ 2173542.5, 649650.913719513220713 ], [ 2173544.789919852279127, 649647.5 ], [ 2173545.112029197625816, 649642.5 ], [ 2173543.932992544956505, 649637.5 ], [ 2173542.5, 649632.612764049204998 ], [ 2173541.458255862817168, 649632.5 ], [ 2173537.5, 649632.145362995914184 ] ] ] } },
{ "type": "Feature", "properties": { "fid": 9, "time": "2025-01-01", "year": 2025 }, "geometry": { "type": "MultiLineString", "coordinates": [ [ [ 2173382.5, 649286.576831612503156 ], [ 2173377.5, 649285.544557527522556 ], [ 2173372.5, 649285.307742431992665 ], [ 2173367.5, 649285.778270862414502 ], [ 2173362.5, 649286.143730588839389 ], [ 2173357.5, 649286.146800239919685 ], [ 2173352.5, 649286.043144158902578 ], [ 2173347.5, 649285.931621258961968 ], [ 2173342.5, 649285.758734561502934 ], [ 2173337.5, 649285.668257637415081 ], [ 2173332.5, 649286.025317822466604 ], [ 2173327.5, 649286.79667674517259 ], [ 2173322.908303923439234, 649287.5 ], [ 2173322.5, 649287.611170285497792 ], [ 2173317.5, 649288.523778582923114 ], [ 2173312.5, 649288.884933621855453 ], [ 2173307.5, 649289.00564850110095 ], [ 2173302.5, 649289.488716672640294 ], [ 2173297.5, 649290.323625458171591 ], [ 2173292.5, 649291.151558186975308 ], [ 2173287.5, 649292.356519827269949 ], [ 2173287.219399196095765, 649292.5 ], [ 2173282.5, 649295.295215474092402 ], [ 2173279.661900147795677, 649297.5 ], [ 2173277.5, 649299.225292989518493 ], [ 2173273.966242902912199, 649302.5 ], [ 2173272.5, 649303.950342785567045 ], [ 2173269.509220961015671, 649307.5 ], [ 2173267.5, 649310.135080859996378 ], [ 2173265.911814255639911, 649312.5 ], [ 2173263.631142067722976, 649317.5 ], [ 2173262.5, 649321.309301134082489 ], [ 2173262.211033890023828, 649322.5 ], [ 2173260.747706810943782, 649327.5 ], [ 2173258.13511775713414, 649332.5 ], [ 2173257.5, 649333.486702856956981 ], [ 2173255.260970829054713, 649337.5 ], [ 2173252.5, 649341.687877455959097 ], [ 2173252.010669160634279, 649342.5 ], [ 2173249.030206567142159, 649347.5 ], [ 2173247.5, 649350.241657708771527 ], [ 2173246.441550256218761, 649352.5 ], [ 2173245.139102472458035, 649357.5 ], [ 2173244.736806927248836, 649362.5 ], [ 2173244.568097612354904, 649367.5 ], [ 2173244.132471717428416, 649372.5 ], [ 2173243.262667188886553, 649377.5 ], [ 2173242.5, 649380.719790586270392 ], [ 2173242.213584215845913, 649382.5 ], [ 2173241.719190117903054, 649387.5 ], [ 2173241.752711710520089, 649392.5 ], [ 2173242.1886539417319, 649397.5 ], [ 2173242.5, 649399.855251175235026 ], [ 2173242.95430694706738, 649402.5 ], [ 2173243.956940694246441, 649407.5 ], [ 2173244.900887906551361, 649412.5 ], [ 2173245.384249256923795, 649417.5 ], [ 2173245.53039742866531, 649422.5 ], [ 2173245.830181256867945, 649427.5 ], [ 2173246.505777515470982, 649432.5 ], [ 2173247.5, 649437.243480958160944 ], [ 2173247.578326522838324, 649437.5 ], [ 2173249.113670798018575, 649442.5 ], [ 2173249.873083102982491, 649447.5 ], [ 2173250.180932065937668, 649452.5 ], [ 2173250.55558720882982, 649457.5 ], [ 2173251.278401584830135, 649462.5 ], [ 2173252.454415003303438, 649467.5 ], [ 2173252.5, 649467.634222573600709 ], [ 2173254.672544924076647, 649472.5 ], [ 2173256.852059204131365, 649477.5 ], [ 2173257.5, 649479.176990335108712 ], [ 2173259.005770732183009, 649482.5 ], [ 2173260.093901626300067, 649487.5 ], [ 2173260.464998952113092, 649492.5 ], [ 2173260.823368831537664, 649497.5 ], [ 2173261.627371847163886, 649502.5 ], [ 2173262.5, 649505.246932728565298 ], [ 2173263.449970943387598, 649507.5 ], [ 2173266.057385403197259, 649512.5 ], [ 2173267.5, 649515.342125084600411 ], [ 2173268.854944678489119, 649517.5 ], [ 2173271.490064341574907, 649522.5 ], [ 2173272.5, 649524.834509968175553 ], [ 2173274.035790607333183, 649527.5 ], [ 2173276.222184147220105, 649532.5 ], [ 2173277.5, 649536.800131498835981 ], [ 2173277.785729109309614, 649537.5 ], [ 2173279.150221748743206, 649542.5 ], [ 2173279.873763358686119, 649547.5 ], [ 2173280.202169987373054, 649552.5 ], [ 2173280.248662122525275, 649557.5 ], [ 2173280.150952220428735, 649562.5 ], [ 2173280.085814035031945, 649567.5 ], [ 2173280.368662176653743, 649572.5 ], [ 2173281.356379179283977, 649577.5 ], [ 2173282.5, 649581.385294967447408 ], [ 2173282.941312941256911, 649582.5 ], [ 2173284.888875742442906, 649587.5 ], [ 2173286.526564860250801, 649592.5 ], [ 2173287.5, 649595.953106865053996 ], [ 2173288.214591668453068, 649597.5 ], [ 2173289.845574651379138, 649602.5 ], [ 2173290.700840653385967, 649607.5 ], [ 2173291.079789494629949, 649612.5 ], [ 2173291.40440415404737, 649617.5 ], [ 2173291.868772733490914, 649622.5 ], [ 2173292.5, 649627.4286464874167 ], [ 2173292.514180893078446, 649627.5 ], [ 2173293.767598566133529, 649632.5 ], [ 2173294.989287449512631, 649637.5 ], [ 2173295.766429713927209, 649642.5 ], [ 2173295.679552498273551, 649647.5 ], [ 2173295.155930338427424, 649652.5 ], [ 2173295.180109563283622, 649657.5 ], [ 2173296.236117953900248, 649662.5 ], [ 2173297.5, 649665.431490948889405 ], [ 2173298.911610945593566, 649667.5 ], [ 2173302.5, 649672.293867232976481 ], [ 2173302.6874980754219, 649672.5 ], [ 2173306.901384776458144, 649677.5 ], [ 2173307.5, 649678.369911323068663 ], [ 2173310.387457484379411, 649682.5 ], [ 2173312.5, 649687.054508527624421 ], [ 2173312.735088816378266, 649687.5 ], [ 2173315.106929366011173, 649692.5 ], [ 2173317.258564409334213, 649697.5 ], [ 2173317.5, 649698.050916330306791 ], [ 2173319.600283918902278, 649702.5 ], [ 2173321.345795889850706, 649707.5 ], [ 2173322.5, 649712.148913632030599 ], [ 2173322.6102468627505, 649712.5 ], [ 2173323.713577510789037, 649717.5 ], [ 2173324.665221112780273, 649722.5 ], [ 2173326.042171476874501, 649727.5 ], [ 2173327.5, 649731.84097837167792 ], [ 2173327.777843471150845, 649732.5 ], [ 2173329.775707254651934, 649737.5 ], [ 2173331.503756884951144, 649742.5 ], [ 2173332.5, 649745.21321304817684 ], [ 2173333.608385405503213, 649747.5 ], [ 2173335.985200978815556, 649752.5 ], [ 2173337.5, 649755.873308145673946 ], [ 2173338.33707370236516, 649757.5 ], [ 2173340.458736776839942, 649762.5 ], [ 2173341.778305379208177, 649767.5 ], [ 2173342.5, 649771.66395005735103 ], [ 2173342.69681014912203, 649772.5 ], [ 2173343.9034936549142, 649777.5 ], [ 2173345.473421573638916, 649782.5 ], [ 2173347.403216408099979, 649787.5 ], [ 2173347.5, 649787.743840063805692 ], [ 2173349.390672939363867, 649792.5 ], [ 2173350.546039434149861, 649797.5 ], [ 2173351.17766435071826, 649802.5 ], [ 2173351.681007302366197, 649807.5 ], [ 2173352.5, 649812.174526541843079 ], [ 2173352.578648884780705, 649812.5 ], [ 2173355.015690165571868, 649817.5 ], [ 2173357.5, 649821.289174523670226 ], [ 2173358.393238619435579, 649822.5 ], [ 2173361.363270185422152, 649827.5 ], [ 2173362.5, 649830.527487942948937 ], [ 2173363.331635688431561, 649832.5 ], [ 2173364.783884141594172, 649837.5 ], [ 2173365.949578978121281, 649842.5 ], [ 2173367.290863753762096, 649847.5 ], [ 2173367.5, 649848.130071849212982 ], [ 2173369.251304222270846, 649852.5 ], [ 2173371.035438938997686, 649857.5 ], [ 2173372.5, 649862.351977052399889 ], [ 2173372.55487225856632, 649862.5 ], [ 2173373.975072762928903, 649867.5 ], [ 2173375.058864966500551, 649872.5 ], [ 2173376.237870544195175, 649877.5 ], [ 2173377.5, 649881.5470398562029 ], [ 2173377.833834591321647, 649882.5 ], [ 2173379.960670640692115, 649887.5 ], [ 2173381.868747958913445, 649892.5 ], [ 2173382.5, 649894.420272844028659 ], [ 2173383.695635133888572, 649897.5 ], [ 2173385.275314214173704, 649902.5 ], [ 2173386.492013431154191, 649907.5 ], [ 2173387.5, 649912.365957851638086 ], [ 2173387.54002111684531, 649912.5 ], [ 2173389.088224478065968, 649917.5 ], [ 2173390.636059605516493, 649922.5 ], [ 2173392.37179964222014, 649927.5 ], [ 2173392.5, 649927.787645146250725 ], [ 2173395.195627186447382, 649932.5 ], [ 2173397.5, 649936.629152383306064 ], [ 2173398.08516199933365, 649937.5 ], [ 2173400.875401115044951, 649942.5 ], [ 2173402.433559621218592, 649947.5 ], [ 2173402.5, 649947.821581794880331 ], [ 2173403.834379271138459, 649952.5 ], [ 2173405.036119366530329, 649957.5 ], [ 2173406.419115045107901, 649962.5 ], [ 2173407.5, 649965.402352786855772 ], [ 2173408.641559422016144, 649967.5 ], [ 2173411.579910415690392, 649972.5 ], [ 2173412.5, 649973.942947486066259 ], [ 2173415.236463136505336, 649977.5 ], [ 2173417.5, 649980.687534038792364 ], [ 2173419.067227985709906, 649982.5 ], [ 2173422.5, 649987.137688824208453 ], [ 2173422.814429211895913, 649987.5 ], [ 2173426.931534874718636, 649992.5 ], [ 2173427.5, 649993.222535118460655 ], [ 2173431.280440428294241, 649997.5 ], [ 2173432.5, 649998.726560694980435 ], [ 2173436.794865040574223, 650002.5 ], [ 2173437.5, 650002.943033714662306 ], [ 2173442.5, 650005.499417003127746 ], [ 2173446.646700878627598, 650007.5 ], [ 2173447.5, 650007.820581158623099 ], [ 2173452.5, 650009.467469286988489 ], [ 2173457.5, 650011.392392185050994 ], [ 2173459.773337060585618, 650012.5 ], [ 2173462.5, 650013.821728910785168 ], [ 2173467.459837439004332, 650017.5 ], [ 2173467.5, 650017.532770971301943 ], [ 2173472.372054636012763, 650022.5 ], [ 2173472.5, 650022.64104491728358 ], [ 2173476.940753740258515, 650027.5 ], [ 2173477.5, 650028.05301031016279 ], [ 2173482.5, 650032.325068040285259 ], [ 2173482.717630862258375, 650032.5 ], [ 2173487.5, 650035.008876909851097 ], [ 2173491.918883842416108, 650037.5 ], [ 2173492.5, 650037.745785737643018 ], [ 2173497.5, 650039.725799148436636 ], [ 2173502.5, 650042.054792634677142 ], [ 2173503.382402395829558, 650042.5 ], [ 2173507.5, 650043.968508795485832 ], [ 2173512.5, 650046.302765519591048 ], [ 2173514.499334733467549, 650047.5 ], [ 2173517.5, 650049.01490133581683 ], [ 2173522.400378551334143, 650052.5 ], [ 2173522.5, 650052.56588340329472 ], [ 2173527.5, 650056.282673756126314 ], [ 2173528.878926468081772, 650057.5 ], [ 2173532.5, 650061.138594877789728 ], [ 2173533.857002707663924, 650062.5 ], [ 2173537.39094191417098, 650067.5 ], [ 2173537.5, 650067.706199425156228 ], [ 2173540.757780439220369, 650072.5 ], [ 2173542.5, 650077.419895053841174 ], [ 2173542.535178186371922, 650077.5 ], [ 2173544.428239500615746, 650082.5 ], [ 2173545.918259867001325, 650087.5 ], [ 2173547.371992995496839, 650092.5 ], [ 2173547.5, 650092.857913962681778 ], [ 2173550.000425865873694, 650097.5 ], [ 2173552.336973604280502, 650102.5 ], [ 2173552.5, 650102.803725096164271 ], [ 2173555.817315097432584, 650107.5 ], [ 2173557.5, 650109.939962877542712 ], [ 2173560.030821400694549, 650112.5 ], [ 2173562.5, 650114.721299534430727 ], [ 2173566.066993622574955, 650117.5 ], [ 2173567.5, 650118.464311599498615 ], [ 2173572.5, 650120.630826778127812 ], [ 2173577.5, 650121.388857868965715 ], [ 2173582.5, 650120.238585452432744 ], [ 2173587.330015659332275, 650117.5 ], [ 2173587.5, 650117.319648702512495 ], [ 2173592.025349682196975, 650112.5 ], [ 2173592.5, 650111.838035240652971 ], [ 2173597.5, 650108.075397421256639 ], [ 2173599.640735731460154, 650107.5 ], [ 2173602.5, 650106.734316804562695 ], [ 2173607.5, 650105.127065349719487 ], [ 2173610.930632833391428, 650102.5 ], [ 2173612.5, 650101.043660197639838 ], [ 2173613.976968617644161, 650097.5 ], [ 2173615.148074612952769, 650092.5 ], [ 2173615.071112580131739, 650087.5 ], [ 2173613.6946503915824, 650082.5 ], [ 2173612.5, 650080.035515670315363 ], [ 2173610.738704955670983, 650077.5 ], [ 2173607.5, 650073.382722693728283 ], [ 2173606.714825665112585, 650072.5 ], [ 2173602.5, 650067.84021471417509 ], [ 2173602.172493706457317, 650067.5 ], [ 2173597.635632385499775, 650062.5 ], [ 2173597.5, 650062.320300478022546 ], [ 2173593.906713652424514, 650057.5 ], [ 2173592.5, 650054.628893264103681 ], [ 2173591.315653356257826, 650052.5 ], [ 2173589.349098028615117, 650047.5 ], [ 2173588.170624740421772, 650042.5 ], [ 2173587.5, 650038.761805914691649 ], [ 2173587.189878536388278, 650037.5 ], [ 2173586.004141608253121, 650032.5 ], [ 2173584.903908548410982, 650027.5 ], [ 2173583.852442724164575, 650022.5 ], [ 2173582.770412978250533, 650017.5 ], [ 2173582.5, 650016.536575634381734 ], [ 2173580.869217894040048, 650012.5 ], [ 2173578.94382769940421, 650007.5 ], [ 2173577.5, 650003.365865763975307 ], [ 2173577.092610447201878, 650002.5 ], [ 2173574.852481457870454, 649997.5 ], [ 2173573.075334302615374, 649992.5 ], [ 2173572.5, 649990.789703581365757 ], [ 2173570.835982560645789, 649987.5 ], [ 2173569.030549109913409, 649982.5 ], [ 2173567.77184002334252, 649977.5 ], [ 2173567.5, 649976.273220900911838 ], [ 2173566.268922664690763, 649972.5 ], [ 2173564.850710583850741, 649967.5 ], [ 2173563.468907699454576, 649962.5 ], [ 2173562.5, 649959.02378162718378 ], [ 2173561.522805099375546, 649957.5 ], [ 2173558.859722404740751, 649952.5 ], [ 2173557.5, 649949.118122031912208 ], [ 2173555.942876676563174, 649947.5 ], [ 2173552.797527099493891, 649942.5 ], [ 2173552.5, 649941.83854076906573 ], [ 2173547.5, 649941.025776418391615 ], [ 2173543.553495147731155, 649942.5 ], [ 2173542.5, 649942.830886029289104 ], [ 2173537.5, 649945.016894011292607 ], [ 2173535.21826310781762, 649947.5 ], [ 2173532.5, 649950.435546576045454 ], [ 2173531.383381719235331, 649952.5 ], [ 2173527.5, 649956.743569582467899 ], [ 2173526.819367439020425, 649957.5 ], [ 2173522.5, 649960.7733821622096 ], [ 2173520.096998900175095, 649962.5 ], [ 2173517.5, 649964.779384849593043 ], [ 2173514.040898101869971, 649967.5 ], [ 2173512.5, 649969.016637376043946 ], [ 2173507.5, 649972.029958555940539 ], [ 2173506.143128218129277, 649972.5 ], [ 2173502.5, 649973.61381508258637 ], [ 2173497.5, 649974.519879925646819 ], [ 2173492.5, 649975.089519091066904 ], [ 2173487.5, 649975.050339118228294 ], [ 2173482.5, 649973.640325124957599 ], [ 2173480.576034344732761, 649972.5 ], [ 2173477.5, 649970.811224671662785 ], [ 2173473.552204421721399, 649967.5 ], [ 2173472.5, 649966.457652968238108 ], [ 2173469.410863261669874, 649962.5 ], [ 2173467.5, 649959.855126213748008 ], [ 2173465.614994321018457, 649957.5 ], [ 2173462.5, 649954.589691728586331 ], [ 2173459.581246231216937, 649952.5 ], [ 2173457.5, 649951.245738019584678 ], [ 2173452.5, 649948.337602095096372 ], [ 2173451.261061204131693, 649947.5 ], [ 2173447.5, 649944.557278460357338 ], [ 2173445.430948844179511, 649942.5 ], [ 2173442.5, 649938.799999973620288 ], [ 2173441.551588836591691, 649937.5 ], [ 2173438.54838864132762, 649932.5 ], [ 2173437.5, 649930.425063846167177 ], [ 2173435.940260091796517, 649927.5 ], [ 2173433.974305252544582, 649922.5 ], [ 2173432.632136514876038, 649917.5 ], [ 2173432.5, 649916.231346717337146 ], [ 2173432.07392590586096, 649912.5 ], [ 2173432.5, 649909.187431298661977 ], [ 2173432.808181999716908, 649907.5 ], [ 2173436.891825820319355, 649902.5 ], [ 2173437.5, 649902.098281954880804 ], [ 2173442.5, 649901.658778899814934 ], [ 2173444.507899214979261, 649902.5 ], [ 2173447.5, 649903.717854116926901 ], [ 2173451.589086403138936, 649907.5 ], [ 2173452.5, 649908.354266547015868 ], [ 2173456.284751884639263, 649912.5 ], [ 2173457.5, 649913.703349037910812 ], [ 2173462.5, 649917.446706763235852 ], [ 2173462.738981645554304, 649917.5 ], [ 2173467.5, 649918.501236478565261 ], [ 2173469.537714157719165, 649917.5 ], [ 2173472.5, 649914.279726194683462 ], [ 2173473.091362891718745, 649912.5 ], [ 2173474.658821024000645, 649907.5 ], [ 2173477.476274635177106, 649902.5 ], [ 2173477.5, 649902.472364025190473 ], [ 2173482.5, 649898.804895155364648 ], [ 2173487.5, 649898.10403615469113 ], [ 2173492.5, 649898.8845263189869 ], [ 2173497.5, 649900.314128276193514 ], [ 2173502.5, 649900.490758283529431 ], [ 2173505.585972595494241, 649897.5 ], [ 2173507.5, 649892.958178936270997 ], [ 2173507.616769981104881, 649892.5 ], [ 2173508.049401102587581, 649887.5 ], [ 2173508.968798947520554, 649882.5 ], [ 2173512.034542134497315, 649877.5 ], [ 2173512.5, 649876.354652954847552 ], [ 2173517.046603869646788, 649872.5 ], [ 2173512.5, 649870.630639075068757 ], [ 2173507.5, 649870.867781189968809 ], [ 2173502.5, 649871.060152694350109 ], [ 2173497.5, 649870.351663992973045 ], [ 2173492.853751950897276, 649867.5 ], [ 2173492.5, 649867.299939796561375 ], [ 2173488.716909853741527, 649862.5 ], [ 2173487.5, 649860.258035171427764 ], [ 2173485.64920606603846, 649857.5 ], [ 2173483.676432189065963, 649852.5 ], [ 2173482.888839625753462, 649847.5 ], [ 2173483.792685146443546, 649842.5 ], [ 2173487.5, 649839.161241750814952 ], [ 2173489.298158379271626, 649837.5 ], [ 2173492.5, 649835.491734048817307 ], [ 2173497.5, 649834.840798747260123 ], [ 2173502.5, 649836.734017757582478 ], [ 2173503.681214817333966, 649837.5 ], [ 2173507.5, 649840.59908964834176 ], [ 2173509.703436723444611, 649842.5 ], [ 2173512.5, 649845.167364710476249 ], [ 2173517.5, 649845.6070380078163 ], [ 2173521.856052130460739, 649842.5 ], [ 2173522.5, 649837.828362836968154 ], [ 2173522.529151615221053, 649837.5 ], [ 2173522.5, 649837.450857622432522 ], [ 2173520.037414402700961, 649832.5 ], [ 2173517.778939064592123, 649827.5 ], [ 2173517.5, 649824.131599895190448 ], [ 2173517.341024147812277, 649822.5 ], [ 2173517.5, 649822.075886432314292 ], [ 2173519.20875067776069, 649817.5 ], [ 2173522.5, 649813.937335702241398 ], [ 2173524.251519416458905, 649812.5 ], [ 2173527.5, 649810.565552428015508 ], [ 2173532.5, 649808.848001414793544 ], [ 2173537.5, 649808.011643870966509 ], [ 2173539.693472325336188, 649807.5 ], [ 2173542.5, 649806.512694356963038 ], [ 2173546.696658251341432, 649802.5 ], [ 2173547.5, 649801.007107717101462 ], [ 2173548.642475431784987, 649797.5 ], [ 2173549.759825533255935, 649792.5 ], [ 2173550.898840199224651, 649787.5 ], [ 2173552.449237648397684, 649782.5 ], [ 2173552.5, 649782.362247234559618 ], [ 2173553.793040253221989, 649777.5 ], [ 2173555.105818630196154, 649772.5 ], [ 2173556.161161336582154, 649767.5 ], [ 2173557.02957488456741, 649762.5 ], [ 2173557.5, 649759.138387360377237 ], [ 2173557.662021599244326, 649757.5 ], [ 2173557.911899480037391, 649752.5 ], [ 2173557.964323746506125, 649747.5 ], [ 2173558.034887372516096, 649742.5 ], [ 2173558.182562958914787, 649737.5 ], [ 2173558.330557065084577, 649732.5 ], [ 2173558.397492705378681, 649727.5 ], [ 2173558.236534252762794, 649722.5 ], [ 2173557.748962524812669, 649717.5 ], [ 2173557.5, 649715.772231380455196 ], [ 2173556.697563918773085, 649712.5 ], [ 2173555.38877588417381, 649707.5 ], [ 2173554.063983396627009, 649702.5 ], [ 2173552.573954110965133, 649697.5 ], [ 2173552.5, 649697.349662908003666 ], [ 2173547.816155129112303, 649692.5 ], [ 2173547.5, 649692.267475353437476 ], [ 2173542.5, 649690.767502886708826 ], [ 2173537.5, 649692.112279150635004 ], [ 2173537.333395800553262, 649692.5 ], [ 2173536.662597356829792, 649697.5 ], [ 2173536.558584845624864, 649702.5 ], [ 2173536.600189740303904, 649707.5 ], [ 2173536.713134776800871, 649712.5 ], [ 2173537.142009714152664, 649717.5 ], [ 2173537.5, 649721.682607140741311 ], [ 2173537.573752705473453, 649722.5 ], [ 2173537.5, 649723.313088926835917 ], [ 2173537.045345544349402, 649727.5 ], [ 2173534.031286506447941, 649732.5 ], [ 2173532.5, 649733.807658445439301 ], [ 2173527.5, 649736.240974850021303 ], [ 2173523.847691938281059, 649737.5 ], [ 2173522.5, 649737.991076949168928 ], [ 2173517.5, 649739.745907051721588 ], [ 2173512.5, 649741.36970480333548 ], [ 2173508.934079190250486, 649742.5 ], [ 2173507.5, 649743.215478105121292 ], [ 2173502.5, 649746.394472740124911 ], [ 2173501.100319263059646, 649747.5 ], [ 2173498.467329557053745, 649752.5 ], [ 2173497.5, 649754.280594531912357 ], [ 2173492.5, 649756.798786929110065 ], [ 2173488.204291753005236, 649752.5 ], [ 2173487.5, 649751.697247926495038 ], [ 2173485.803331683389843, 649747.5 ], [ 2173483.528475522994995, 649742.5 ], [ 2173482.5, 649740.580247228615917 ], [ 2173480.595232066698372, 649737.5 ], [ 2173477.5, 649735.028394136927091 ], [ 2173472.5, 649733.739901784341782 ], [ 2173467.5, 649733.112136284238659 ], [ 2173462.5, 649732.564933280460536 ], [ 2173462.055583473294973, 649732.5 ], [ 2173457.5, 649731.874937348300591 ], [ 2173452.5, 649730.545666154124774 ], [ 2173447.5, 649727.891071566846222 ], [ 2173447.018189931288362, 649727.5 ], [ 2173443.591906536836177, 649722.5 ], [ 2173442.5, 649717.695710813975893 ], [ 2173442.458828577771783, 649717.5 ], [ 2173441.689870833419263, 649712.5 ], [ 2173440.387118181679398, 649707.5 ], [ 2173437.856820809654891, 649702.5 ], [ 2173437.5, 649702.0227168162819 ], [ 2173433.52649456076324, 649697.5 ], [ 2173432.5, 649696.308741592918523 ], [ 2173429.346702218521386, 649692.5 ], [ 2173427.5, 649689.214284091372974 ], [ 2173426.617727184668183, 649687.5 ], [ 2173424.386742345057428, 649682.5 ], [ 2173422.5, 649678.351115259691142 ], [ 2173422.046274014282972, 649677.5 ], [ 2173418.657034890726209, 649672.5 ], [ 2173417.5, 649670.920142461778596 ], [ 2173414.894516484811902, 649667.5 ], [ 2173412.5, 649664.034161559538916 ], [ 2173411.26076080230996, 649662.5 ], [ 2173407.5, 649657.864497295813635 ], [ 2173407.093733800575137, 649657.5 ], [ 2173402.5, 649653.646567950607277 ], [ 2173400.732945977710187, 649652.5 ], [ 2173397.5, 649650.181756428908557 ], [ 2173394.021790153812617, 649647.5 ], [ 2173392.5, 649645.801174885826185 ], [ 2173389.78510022489354, 649642.5 ], [ 2173387.5, 649639.39522584923543 ], [ 2173385.826095378026366, 649637.5 ], [ 2173382.5, 649634.855915813939646 ], [ 2173379.457704193424433, 649632.5 ], [ 2173377.5, 649630.879882679320872 ], [ 2173374.807417029049248, 649627.5 ], [ 2173372.633632393553853, 649622.5 ], [ 2173372.5, 649622.032003791071475 ], [ 2173371.020225649699569, 649617.5 ], [ 2173369.668850674293935, 649612.5 ], [ 2173368.325672490987927, 649607.5 ], [ 2173367.5, 649604.837888221722096 ], [ 2173366.299353480804712, 649602.5 ], [ 2173363.718496389687061, 649597.5 ], [ 2173362.5, 649594.790400182362646 ], [ 2173361.124516024254262, 649592.5 ], [ 2173359.485435348469764, 649587.5 ], [ 2173359.432141500990838, 649582.5 ], [ 2173360.187063585966825, 649577.5 ], [ 2173360.842639076057822, 649572.5 ], [ 2173360.683965528383851, 649567.5 ], [ 2173359.08196851471439, 649562.5 ], [ 2173357.5, 649559.743818887509406 ], [ 2173355.793204370886087, 649557.5 ], [ 2173352.5, 649552.508031480596401 ], [ 2173352.4948895201087, 649552.5 ], [ 2173350.676403060089797, 649547.5 ], [ 2173350.068313091993332, 649542.5 ], [ 2173349.662410725373775, 649537.5 ], [ 2173348.62878493918106, 649532.5 ], [ 2173347.5, 649529.575340364361182 ], [ 2173346.580416678451002, 649527.5 ], [ 2173343.609589218627661, 649522.5 ], [ 2173342.5, 649520.965646475669928 ], [ 2173340.00089022051543, 649517.5 ], [ 2173337.5, 649514.336149650160223 ], [ 2173335.943289780523628, 649512.5 ], [ 2173332.5, 649508.840799855184741 ], [ 2173331.340589808765799, 649507.5 ], [ 2173327.986763317603618, 649502.5 ], [ 2173327.5, 649501.461230230052024 ], [ 2173325.662566178478301, 649497.5 ], [ 2173324.347724128048867, 649492.5 ], [ 2173323.639515267219394, 649487.5 ], [ 2173323.038981166668236, 649482.5 ], [ 2173322.5, 649480.095163797610439 ], [ 2173321.726080686785281, 649477.5 ], [ 2173318.712030062451959, 649472.5 ], [ 2173317.5, 649470.831033671973273 ], [ 2173314.593989414628595, 649467.5 ], [ 2173312.5, 649463.150674889446236 ], [ 2173312.06540641002357, 649462.5 ], [ 2173310.567886474076658, 649457.5 ], [ 2173309.18106182012707, 649452.5 ], [ 2173308.489212791901082, 649447.5 ], [ 2173312.448371999897063, 649442.5 ], [ 2173312.5, 649442.47732593852561 ], [ 2173317.5, 649438.997992637916468 ], [ 2173319.918660027906299, 649437.5 ], [ 2173322.5, 649436.275368494447321 ], [ 2173327.5, 649435.371443014824763 ], [ 2173332.5, 649436.117263098363765 ], [ 2173336.46774273738265, 649437.5 ], [ 2173337.5, 649437.79955936584156 ], [ 2173342.5, 649440.00314616470132 ], [ 2173345.899322899524122, 649442.5 ], [ 2173347.5, 649443.452147253206931 ], [ 2173352.5, 649447.003392408019863 ], [ 2173353.194992738775909, 649447.5 ], [ 2173357.5, 649449.69085138454102 ], [ 2173362.5, 649452.278359264717437 ], [ 2173362.99477071268484, 649452.5 ], [ 2173367.5, 649454.258798466995358 ], [ 2173372.5, 649455.876558629912324 ], [ 2173377.242379930336028, 649457.5 ], [ 2173377.5, 649457.577320039621554 ], [ 2173382.5, 649459.288145665079355 ], [ 2173387.5, 649462.481690587941557 ], [ 2173387.520645250100642, 649462.5 ], [ 2173392.161330480594188, 649467.5 ], [ 2173392.5, 649467.97485480864998 ], [ 2173395.95820552483201, 649472.5 ], [ 2173397.5, 649474.330900502740405 ], [ 2173401.62768520694226, 649477.5 ], [ 2173402.5, 649478.033328762627207 ], [ 2173407.5, 649480.645273191272281 ], [ 2173410.27339189266786, 649482.5 ], [ 2173412.5, 649484.190654018661007 ], [ 2173415.955934785306454, 649487.5 ], [ 2173417.5, 649489.142614488489926 ], [ 2173420.444808733183891, 649492.5 ], [ 2173422.5, 649495.049016815726645 ], [ 2173424.585511627141386, 649497.5 ], [ 2173427.5, 649501.220917342696339 ], [ 2173428.578859741333872, 649502.5 ], [ 2173432.5, 649507.301285624271259 ], [ 2173432.666402850765735, 649507.5 ], [ 2173436.448879307601601, 649512.5 ], [ 2173437.5, 649514.469033635570668 ], [ 2173438.962061555590481, 649517.5 ], [ 2173440.559139098972082, 649522.5 ], [ 2173441.873058864846826, 649527.5 ], [ 2173442.5, 649529.83670777734369 ], [ 2173443.384356695227325, 649532.5 ], [ 2173444.934990610927343, 649537.5 ], [ 2173446.11739095672965, 649542.5 ], [ 2173446.793923556804657, 649547.5 ], [ 2173447.167958711273968, 649552.5 ], [ 2173447.5, 649555.792342380736955 ], [ 2173447.747629384044558, 649557.5 ], [ 2173449.120055275503546, 649562.5 ], [ 2173451.228929390199482, 649567.5 ], [ 2173452.5, 649570.242749248747714 ], [ 2173453.999526726547629, 649572.5 ], [ 2173456.12099976837635, 649577.5 ], [ 2173457.201738218776882, 649582.5 ], [ 2173457.5, 649583.866636912338436 ], [ 2173458.845995955169201, 649587.5 ], [ 2173460.986894519068301, 649592.5 ], [ 2173462.5, 649595.173250692547299 ], [ 2173464.428148741368204, 649597.5 ], [ 2173467.5, 649601.104632594855502 ], [ 2173468.913381491787732, 649602.5 ], [ 2173472.5, 649606.567329551791772 ], [ 2173473.393473927862942, 649607.5 ], [ 2173477.136649946216494, 649612.5 ], [ 2173477.5, 649613.164192517986521 ], [ 2173480.141184660140425, 649617.5 ], [ 2173481.998121227603406, 649622.5 ], [ 2173482.5, 649626.314652199856937 ], [ 2173482.726515484042466, 649627.5 ], [ 2173482.5, 649629.464709975407459 ], [ 2173482.264777950476855, 649632.5 ], [ 2173481.418781321961433, 649637.5 ], [ 2173480.805269797798246, 649642.5 ], [ 2173480.986251573078334, 649647.5 ], [ 2173481.879424880258739, 649652.5 ], [ 2173482.5, 649654.948709348449484 ], [ 2173483.547405547928065, 649657.5 ], [ 2173485.580483064986765, 649662.5 ], [ 2173486.961463519837707, 649667.5 ], [ 2173487.5, 649669.312872584094293 ], [ 2173491.319276765454561, 649672.5 ], [ 2173492.5, 649672.807371471193619 ], [ 2173493.399850473739207, 649672.5 ], [ 2173497.5, 649669.729431475279853 ], [ 2173499.193912832532078, 649667.5 ], [ 2173501.227687030564994, 649662.5 ], [ 2173502.5, 649659.430291537311859 ], [ 2173503.112506348639727, 649657.5 ], [ 2173504.988274768460542, 649652.5 ], [ 2173507.5, 649647.606171523570083 ], [ 2173507.584226177539676, 649647.5 ], [ 2173508.058710865676403, 649642.5 ], [ 2173507.5, 649641.449712815345265 ], [ 2173505.880630466621369, 649637.5 ], [ 2173504.497395995538682, 649632.5 ], [ 2173504.0286950529553, 649627.5 ], [ 2173503.882492111530155, 649622.5 ], [ 2173503.917156496085227, 649617.5 ], [ 2173504.219773346092552, 649612.5 ], [ 2173504.920040494762361, 649607.5 ], [ 2173506.264607441145927, 649602.5 ], [ 2173507.5, 649599.493562573101372 ], [ 2173508.383192892652005, 649597.5 ], [ 2173510.279751435853541, 649592.5 ], [ 2173510.605104164220393, 649587.5 ], [ 2173509.978940510191023, 649582.5 ], [ 2173509.418771541211754, 649577.5 ], [ 2173508.934126481413841, 649572.5 ], [ 2173508.44012753944844, 649567.5 ], [ 2173507.893231162335724, 649562.5 ], [ 2173507.5, 649557.515334650874138 ], [ 2173507.498527449090034, 649557.5 ], [ 2173507.424196021165699, 649552.5 ], [ 2173507.5, 649551.313398262835108 ], [ 2173507.666528539266437, 649547.5 ], [ 2173507.855117634404451, 649542.5 ], [ 2173508.226785961538553, 649537.5 ], [ 2173509.793798116035759, 649532.5 ], [ 2173512.5, 649528.21125526574906 ], [ 2173513.23199745407328, 649527.5 ], [ 2173517.5, 649523.693064082646742 ], [ 2173522.31782881449908, 649522.5 ], [ 2173522.5, 649522.41641542990692 ], [ 2173527.5, 649519.930479717557319 ], [ 2173528.993320770561695, 649517.5 ], [ 2173530.549506634939462, 649512.5 ], [ 2173531.410824150778353, 649507.5 ], [ 2173531.43855149531737, 649502.5 ], [ 2173530.85864486778155, 649497.5 ], [ 2173530.016860437579453, 649492.5 ], [ 2173529.355772902723402, 649487.5 ], [ 2173529.129963965155184, 649482.5 ], [ 2173529.324295522645116, 649477.5 ], [ 2173529.885573422536254, 649472.5 ], [ 2173530.723598088603467, 649467.5 ], [ 2173531.696964720264077, 649462.5 ], [ 2173532.5, 649459.299190066405572 ], [ 2173532.909220683388412, 649457.5 ], [ 2173535.046893069054931, 649452.5 ], [ 2173537.5, 649449.401825755485334 ], [ 2173538.991556367371231, 649447.5 ], [ 2173542.5, 649443.095134911243804 ], [ 2173542.801511016208678, 649442.5 ], [ 2173544.205770905129611, 649437.5 ], [ 2173544.671032154466957, 649432.5 ], [ 2173544.125770662911236, 649427.5 ], [ 2173542.532402080018073, 649422.5 ], [ 2173542.5, 649422.425265817786567 ], [ 2173539.598088915925473, 649417.5 ], [ 2173537.754283291753381, 649412.5 ], [ 2173537.5, 649411.488182077067904 ], [ 2173536.052045898512006, 649407.5 ], [ 2173534.739081020001322, 649402.5 ], [ 2173533.519177127629519, 649397.5 ], [ 2173532.5, 649393.634149512159638 ], [ 2173531.97251417580992, 649392.5 ], [ 2173530.080427158158273, 649387.5 ], [ 2173529.155315494630486, 649382.5 ], [ 2173528.893632817082107, 649377.5 ], [ 2173528.834121944382787, 649372.5 ], [ 2173528.74445430515334, 649367.5 ], [ 2173528.529397656675428, 649362.5 ], [ 2173528.064358260016888, 649357.5 ], [ 2173527.5, 649354.283766822307371 ], [ 2173526.985505534335971, 649352.5 ], [ 2173524.936324868816882, 649347.5 ], [ 2173522.655441214330494, 649342.5 ], [ 2173522.5, 649342.216535936458968 ], [ 2173519.431634006090462, 649337.5 ], [ 2173517.5, 649335.266425380017608 ], [ 2173513.958167396485806, 649332.5 ], [ 2173512.5, 649331.785190044087358 ], [ 2173507.5, 649330.401201607775874 ], [ 2173502.5, 649328.89327987190336 ], [ 2173499.529361152090132, 649327.5 ], [ 2173497.5, 649326.750541365123354 ], [ 2173492.5, 649324.590152161079459 ], [ 2173488.049707437865436, 649322.5 ], [ 2173487.5, 649322.286385124898516 ], [ 2173482.5, 649320.263804793241434 ], [ 2173477.5, 649317.719324428238906 ], [ 2173477.052501269616187, 649317.5 ], [ 2173472.5, 649315.657721963827498 ], [ 2173467.5, 649314.07783445797395 ], [ 2173462.5, 649313.026215180521831 ], [ 2173458.504732761532068, 649312.5 ], [ 2173457.5, 649312.409525967435911 ], [ 2173452.5, 649311.883366646245122 ], [ 2173447.5, 649311.027117320918478 ], [ 2173442.5, 649309.580494138528593 ], [ 2173438.26819059997797, 649307.5 ], [ 2173437.5, 649307.199445927981287 ], [ 2173432.5, 649304.867860550410114 ], [ 2173428.969900701195002, 649302.5 ], [ 2173427.5, 649301.506379978149198 ], [ 2173422.896116028539836, 649297.5 ], [ 2173422.5, 649297.207107853144407 ], [ 2173417.5, 649294.333963427692652 ], [ 2173413.403387520927936, 649292.5 ], [ 2173412.5, 649292.247928824042901 ], [ 2173407.5, 649291.703076433041133 ], [ 2173402.5, 649291.517616704571992 ], [ 2173397.5, 649291.232919047237374 ], [ 2173392.5, 649290.325596921029501 ], [ 2173387.5, 649288.36359726334922 ], [ 2173385.64160839188844, 649287.5 ], [ 2173382.5, 649286.576831612503156 ] ], [ [ 2173542.5, 649855.192068041069433 ], [ 2173537.5, 649854.043637144612148 ], [ 2173536.817018707282841, 649857.5 ], [ 2173534.82262893114239, 649862.5 ], [ 2173532.5, 649867.354697858449072 ], [ 2173532.392120689619333, 649867.5 ], [ 2173532.5, 649867.710470170830376 ], [ 2173537.5, 649870.41726836853195 ], [ 2173542.5, 649868.322976928204298 ], [ 2173543.048205558210611, 649867.5 ], [ 2173543.734263593330979, 649862.5 ], [ 2173542.928509497083724, 649857.5 ], [ 2173542.5, 649855.192068041069433 ] ], [ [ 2173472.495141706895083, 649832.5 ], [ 2173472.5, 649832.503194925957359 ], [ 2173476.895236926618963, 649837.5 ], [ 2173477.5, 649839.606301237712614 ], [ 2173479.794843337032944, 649842.5 ], [ 2173480.229176598601043, 649847.5 ], [ 2173477.5, 649848.995498815085739 ], [ 2173476.292048276867718, 649852.5 ], [ 2173472.506126937456429, 649857.5 ], [ 2173472.5, 649857.505670105922036 ], [ 2173467.5, 649861.368044222705066 ], [ 2173462.5, 649861.979807550669648 ], [ 2173457.5, 649859.49467862083111 ], [ 2173455.769555275328457, 649857.5 ], [ 2173453.574123457074165, 649852.5 ], [ 2173453.086674270220101, 649847.5 ], [ 2173453.78788386285305, 649842.5 ], [ 2173456.106561545748264, 649837.5 ], [ 2173457.5, 649835.844125011237338 ], [ 2173460.776042260229588, 649832.5 ], [ 2173462.5, 649831.091194449923933 ], [ 2173467.5, 649830.136268424801528 ], [ 2173472.495141706895083, 649832.5 ] ], [ [ 2173440.695382601581514, 649817.5 ], [ 2173442.5, 649820.371420313604176 ], [ 2173443.521338230464607, 649822.5 ], [ 2173443.919739880599082, 649827.5 ], [ 2173442.5, 649831.371041546342894 ], [ 2173441.988164518028498, 649832.5 ], [ 2173437.5, 649836.687259761500172 ], [ 2173432.5, 649837.184516856796108 ], [ 2173427.5, 649834.565103921573609 ], [ 2173425.429388049524277, 649832.5 ], [ 2173422.5, 649827.865961548523046 ], [ 2173422.300281438045204, 649827.5 ], [ 2173421.873466954566538, 649822.5 ], [ 2173422.5, 649821.091518838889897 ], [ 2173424.729508907999843, 649817.5 ], [ 2173427.5, 649815.405988102662377 ], [ 2173432.5, 649813.908394594676793 ], [ 2173437.5, 649814.80090302543249 ], [ 2173440.695382601581514, 649817.5 ] ], [ [ 2173500.694373669102788, 649772.5 ], [ 2173502.5, 649772.880536665208638 ], [ 2173507.5, 649776.09059547376819 ], [ 2173508.563289842568338, 649777.5 ], [ 2173511.233317851088941, 649782.5 ], [ 2173511.791365951765329, 649787.5 ], [ 2173510.651071729604155, 649792.5 ], [ 2173507.5, 649796.973354330519214 ], [ 2173506.936929027084261, 649797.5 ], [ 2173502.5, 649800.40636521531269 ], [ 2173497.5, 649801.803270496544428 ], [ 2173492.5, 649801.137305991258472 ], [ 2173487.5, 649797.709802112658508 ], [ 2173487.242214211262763, 649797.5 ], [ 2173482.618658681865782, 649792.5 ], [ 2173482.5, 649792.288238979992457 ], [ 2173479.406258639879525, 649787.5 ], [ 2173478.534268801100552, 649782.5 ], [ 2173479.448464549612254, 649777.5 ], [ 2173482.5, 649773.043875882518478 ], [ 2173483.461734344717115, 649772.5 ], [ 2173487.5, 649770.311496149050072 ], [ 2173492.5, 649770.131577399908565 ], [ 2173497.5, 649771.186559282476082 ], [ 2173500.694373669102788, 649772.5 ] ], [ [ 2173542.5, 649640.421315760468133 ], [ 2173537.5, 649638.67707941471599 ], [ 2173532.5, 649642.368174707633443 ], [ 2173532.284234398975968, 649642.5 ], [ 2173527.5, 649646.091610293718986 ], [ 2173525.294018034357578, 649647.5 ], [ 2173525.557265220675617, 649652.5 ], [ 2173527.5, 649655.204722379683517 ], [ 2173532.5, 649656.386771720135584 ], [ 2173537.5, 649654.269801297108643 ], [ 2173540.140877696685493, 649652.5 ], [ 2173542.5, 649649.105927185271867 ], [ 2173543.050142434425652, 649647.5 ], [ 2173542.935928895138204, 649642.5 ], [ 2173542.5, 649640.421315760468133 ] ] ] } }
]
}
